stem,utc_datetime,weekday,slot,video_exists,sheet_path
CAMHDA301-20190107T001500,2019-01-07T00:15:00+00:00,Monday,001500,True,scene_sorting/2019_2020/contact_sheets/CAMHDA301-20190107T001500.png
CAMHDA301-20190107T031500,2019-01-07T03:15:00+00:00,Monday,031500,True,scene_sorting/2019_2020/contact_sheets/CAMHDA301-20190107T031500.png
CAMHDA301-20190107T061500,2019-01-07T06:15:00+00:00,Monday,061500,True,scene_sorting/2019_2020/contact_sheets/CAMHDA301-20190107T061500.png
CAMHDA301-20190107T091500,2019-01-07T09:15:00+00:00,Monday,091500,True,scene_sorting/2019_2020/contact_sheets/CAMHDA301-20190107T091500.png
CAMHDA301-20190107T121500,2019-01-07T12:15:00+00:00,Monday,121500,True,scene_sorting/2019_2020/contact_sheets/CAMHDA301-20190107T121500.png
CAMHDA301-20190107T151500,2019-01-07T15:15:00+00:00,Monday,151500,False,
CAMHDA301-20190107T181500,2019-01-07T18:15:00+00:00,Monday,181500,False,
CAMHDA301-20190107T211500,2019-01-07T21:15:00+00:00,Monday,211500,False,
CAMHDA301-20190114T001500,2019-01-14T00:15:00+00:00,Monday,001500,True,scene_sorting/2019_2020/contact_sheets/CAMHDA301-20190114T001500.png
CAMHDA301-20190114T031500,2019-01-14T03:15:00+00:00,Monday,031500,True,scene_sorting/2019_2020/contact_sheets/CAMHDA301-20190114T031500.png
CAMHDA301-20190114T061500,2019-01-14T06:15:00+00:00,Monday,061500,True,scene_sorting/2019_2020/contact_sheets/CAMHDA301-20190114T061500.png
CAMHDA301-20190114T091500,2019-01-14T09:15:00+00:00,Monday,091500,True,scene_sorting/2019_2020/contact_sheets/CAMHDA301-20190114T091500.png
CAMHDA301-20190114T121500,2019-01-14T12:15:00+00:00,Monday,121500,True,scene_sorting/2019_2020/contact_sheets/CAMHDA301-20190114T121500.png
CAMHDA301-20190114T151500,2019-01-14T15:15:00+00:00,Monday,151500,True,scene_sorting/2019_2020/contact_sheets/CAMHDA301-20190114T151500.png
CAMHDA301-20190114T181500,2019-01-14T18:15:00+00:00,Monday,181500,True,scene_sorting/2019_2020/contact_sheets/CAMHDA301-20190114T181500.png
CAMHDA301-20190114T211500,2019-01-14T21:15:00+00:00,Monday,211500,True,scene_sorting/2019_2020/contact_sheets/CAMHDA301-20190114T211500.png
CAMHDA301-20190121T001500,2019-01-21T00:15:00+00:00,Monday,001500,True,scene_sorting/2019_2020/contact_sheets/CAMHDA301-20190121T001500.png
CAMHDA301-20190121T031500,2019-01-21T03:15:00+00:00,Monday,031500,True,scene_sorting/2019_2020/contact_sheets/CAMHDA301-20190121T031500.png
CAMHDA301-20190121T061500,2019-01-21T06:15:00+00:00,Monday,061500,True,scene_sorting/2019_2020/contact_sheets/CAMHDA301-20190121T061500.png
CAMHDA301-20190121T091500,2019-01-21T09:15:00+00:00,Monday,091500,True,scene_sorting/2019_2020/contact_sheets/CAMHDA301-20190121T091500.png
CAMHDA301-20190121T121500,2019-01-21T12:15:00+00:00,Monday,121500,True,scene_sorting/2019_2020/contact_sheets/CAMHDA301-20190121T121500.png
CAMHDA301-20190121T151500,2019-01-21T15:15:00+00:00,Monday,151500,True,scene_sorting/2019_2020/contact_sheets/CAMHDA301-20190121T151500.png
CAMHDA301-20190121T181500,2019-01-21T18:15:00+00:00,Monday,181500,True,scene_sorting/2019_2020/contact_sheets/CAMHDA301-20190121T181500.png
CAMHDA301-20190121T211500,2019-01-21T21:15:00+00:00,Monday,211500,True,scene_sorting/2019_2020/contact_sheets/CAMHDA301-20190121T211500.png
CAMHDA301-20190128T001500,2019-01-28T00:15:00+00:00,Monday,001500,True,scene_sorting/2019_2020/contact_sheets/CAMHDA301-20190128T001500.png
CAMHDA301-20190128T031500,2019-01-28T03:15:00+00:00,Monday,031500,True,scene_sorting/2019_2020/contact_sheets/CAMHDA301-20190128T031500.png
CAMHDA301-20190128T061500,2019-01-28T06:15:00+00:00,Monday,061500,True,scene_sorting/2019_2020/contact_sheets/CAMHDA301-20190128T061500.png
CAMHDA301-20190128T091500,2019-01-28T09:15:00+00:00,Monday,091500,True,scene_sorting/2019_2020/contact_sheets/CAMHDA301-20190128T091500.png
CAMHDA301-20190128T121500,2019-01-28T12:15:00+00:00,Monday,121500,True,scene_sorting/2019_2020/contact_sheets/CAMHDA301-20190128T121500.png
CAMHDA301-20190128T151500,2019-01-28T15:15:00+00:00,Monday,151500,True,scene_sorting/2019_2020/contact_sheets/CAMHDA301-20190128T151500.png
CAMHDA301-20190128T181500,2019-01-28T18:15:00+00:00,Monday,181500,True,scene_sorting/2019_2020/contact_sheets/CAMHDA301-20190128T181500.png
CAMHDA301-20190128T211500,2019-01-28T21:15:00+00:00,Monday,211500,True,scene_sorting/2019_2020/contact_sheets/CAMHDA301-20190128T211500.png
CAMHDA301-20190204T001500,2019-02-04T00:15:00+00:00,Monday,001500,True,scene_sorting/2019_2020/contact_sheets/CAMHDA301-20190204T001500.png
CAMHDA301-20190204T031500,2019-02-04T03:15:00+00:00,Monday,031500,True,scene_sorting/2019_2020/contact_sheets/CAMHDA301-20190204T031500.png
CAMHDA301-20190204T061500,2019-02-04T06:15:00+00:00,Monday,061500,True,scene_sorting/2019_2020/contact_sheets/CAMHDA301-20190204T061500.png
CAMHDA301-20190204T091500,2019-02-04T09:15:00+00:00,Monday,091500,True,scene_sorting/2019_2020/contact_sheets/CAMHDA301-20190204T091500.png
CAMHDA301-20190204T121500,2019-02-04T12:15:00+00:00,Monday,121500,True,scene_sorting/2019_2020/contact_sheets/CAMHDA301-20190204T121500.png
CAMHDA301-20190204T151500,2019-02-04T15:15:00+00:00,Monday,151500,True,scene_sorting/2019_2020/contact_sheets/CAMHDA301-20190204T151500.png
CAMHDA301-20190204T181500,2019-02-04T18:15:00+00:00,Monday,181500,True,scene_sorting/2019_2020/contact_sheets/CAMHDA301-20190204T181500.png
CAMHDA301-20190204T211500,2019-02-04T21:15:00+00:00,Monday,211500,True,scene_sorting/2019_2020/contact_sheets/CAMHDA301-20190204T211500.png
CAMHDA301-20190211T001500,2019-02-11T00:15:00+00:00,Monday,001500,True,scene_sorting/2019_2020/contact_sheets/CAMHDA301-20190211T001500.png
CAMHDA301-20190211T031500,2019-02-11T03:15:00+00:00,Monday,031500,True,scene_sorting/2019_2020/contact_sheets/CAMHDA301-20190211T031500.png
CAMHDA301-20190211T061500,2019-02-11T06:15:00+00:00,Monday,061500,True,scene_sorting/2019_2020/contact_sheets/CAMHDA301-20190211T061500.png
CAMHDA301-20190211T091500,2019-02-11T09:15:00+00:00,Monday,091500,True,scene_sorting/2019_2020/contact_sheets/CAMHDA301-20190211T091500.png
CAMHDA301-20190211T121500,2019-02-11T12:15:00+00:00,Monday,121500,True,scene_sorting/2019_2020/contact_sheets/CAMHDA301-20190211T121500.png
CAMHDA301-20190211T151500,2019-02-11T15:15:00+00:00,Monday,151500,True,scene_sorting/2019_2020/contact_sheets/CAMHDA301-20190211T151500.png
CAMHDA301-20190211T181500,2019-02-11T18:15:00+00:00,Monday,181500,True,scene_sorting/2019_2020/contact_sheets/CAMHDA301-20190211T181500.png
CAMHDA301-20190211T211500,2019-02-11T21:15:00+00:00,Monday,211500,True,scene_sorting/2019_2020/contact_sheets/CAMHDA301-20190211T211500.png
CAMHDA301-20190218T001500,2019-02-18T00:15:00+00:00,Monday,001500,True,scene_sorting/2019_2020/contact_sheets/CAMHDA301-20190218T001500.png
CAMHDA301-20190218T031500,2019-02-18T03:15:00+00:00,Monday,031500,True,scene_sorting/2019_2020/contact_sheets/CAMHDA301-20190218T031500.png
CAMHDA301-20190218T061500,2019-02-18T06:15:00+00:00,Monday,061500,True,scene_sorting/2019_2020/contact_sheets/CAMHDA301-20190218T061500.png
CAMHDA301-20190218T091500,2019-02-18T09:15:00+00:00,Monday,091500,True,scene_sorting/2019_2020/contact_sheets/CAMHDA301-20190218T091500.png
CAMHDA301-20190218T121500,2019-02-18T12:15:00+00:00,Monday,121500,True,scene_sorting/2019_2020/contact_sheets/CAMHDA301-20190218T121500.png
CAMHDA301-20190218T151500,2019-02-18T15:15:00+00:00,Monday,151500,True,scene_sorting/2019_2020/contact_sheets/CAMHDA301-20190218T151500.png
CAMHDA301-20190218T181500,2019-02-18T18:15:00+00:00,Monday,181500,True,scene_sorting/2019_2020/contact_sheets/CAMHDA301-20190218T181500.png
CAMHDA301-20190218T211500,2019-02-18T21:15:00+00:00,Monday,211500,True,scene_sorting/2019_2020/contact_sheets/CAMHDA301-20190218T211500.png
CAMHDA301-20190225T001500,2019-02-25T00:15:00+00:00,Monday,001500,True,scene_sorting/2019_2020/contact_sheets/CAMHDA301-20190225T001500.png
CAMHDA301-20190225T031500,2019-02-25T03:15:00+00:00,Monday,031500,True,scene_sorting/2019_2020/contact_sheets/CAMHDA301-20190225T031500.png
CAMHDA301-20190225T061500,2019-02-25T06:15:00+00:00,Monday,061500,True,scene_sorting/2019_2020/contact_sheets/CAMHDA301-20190225T061500.png
CAMHDA301-20190225T091500,2019-02-25T09:15:00+00:00,Monday,091500,True,scene_sorting/2019_2020/contact_sheets/CAMHDA301-20190225T091500.png
CAMHDA301-20190225T121500,2019-02-25T12:15:00+00:00,Monday,121500,True,scene_sorting/2019_2020/contact_sheets/CAMHDA301-20190225T121500.png
CAMHDA301-20190225T151500,2019-02-25T15:15:00+00:00,Monday,151500,True,scene_sorting/2019_2020/contact_sheets/CAMHDA301-20190225T151500.png
CAMHDA301-20190225T181500,2019-02-25T18:15:00+00:00,Monday,181500,True,scene_sorting/2019_2020/contact_sheets/CAMHDA301-20190225T181500.png
CAMHDA301-20190225T211500,2019-02-25T21:15:00+00:00,Monday,211500,True,scene_sorting/2019_2020/contact_sheets/CAMHDA301-20190225T211500.png
CAMHDA301-20190304T001500,2019-03-04T00:15:00+00:00,Monday,001500,True,scene_sorting/2019_2020/contact_sheets/CAMHDA301-20190304T001500.png
CAMHDA301-20190304T031500,2019-03-04T03:15:00+00:00,Monday,031500,True,scene_sorting/2019_2020/contact_sheets/CAMHDA301-20190304T031500.png
CAMHDA301-20190304T061500,2019-03-04T06:15:00+00:00,Monday,061500,True,scene_sorting/2019_2020/contact_sheets/CAMHDA301-20190304T061500.png
CAMHDA301-20190304T091500,2019-03-04T09:15:00+00:00,Monday,091500,True,scene_sorting/2019_2020/contact_sheets/CAMHDA301-20190304T091500.png
CAMHDA301-20190304T121500,2019-03-04T12:15:00+00:00,Monday,121500,True,scene_sorting/2019_2020/contact_sheets/CAMHDA301-20190304T121500.png
CAMHDA301-20190304T151500,2019-03-04T15:15:00+00:00,Monday,151500,True,scene_sorting/2019_2020/contact_sheets/CAMHDA301-20190304T151500.png
CAMHDA301-20190304T181500,2019-03-04T18:15:00+00:00,Monday,181500,True,scene_sorting/2019_2020/contact_sheets/CAMHDA301-20190304T181500.png
CAMHDA301-20190304T211500,2019-03-04T21:15:00+00:00,Monday,211500,True,scene_sorting/2019_2020/contact_sheets/CAMHDA301-20190304T211500.png
CAMHDA301-20190311T001500,2019-03-11T00:15:00+00:00,Monday,001500,True,scene_sorting/2019_2020/contact_sheets/CAMHDA301-20190311T001500.png
CAMHDA301-20190311T031500,2019-03-11T03:15:00+00:00,Monday,031500,True,scene_sorting/2019_2020/contact_sheets/CAMHDA301-20190311T031500.png
CAMHDA301-20190311T061500,2019-03-11T06:15:00+00:00,Monday,061500,True,scene_sorting/2019_2020/contact_sheets/CAMHDA301-20190311T061500.png
CAMHDA301-20190311T091500,2019-03-11T09:15:00+00:00,Monday,091500,True,scene_sorting/2019_2020/contact_sheets/CAMHDA301-20190311T091500.png
CAMHDA301-20190311T121500,2019-03-11T12:15:00+00:00,Monday,121500,True,scene_sorting/2019_2020/contact_sheets/CAMHDA301-20190311T121500.png
CAMHDA301-20190311T151500,2019-03-11T15:15:00+00:00,Monday,151500,True,scene_sorting/2019_2020/contact_sheets/CAMHDA301-20190311T151500.png
CAMHDA301-20190311T181500,2019-03-11T18:15:00+00:00,Monday,181500,True,scene_sorting/2019_2020/contact_sheets/CAMHDA301-20190311T181500.png
CAMHDA301-20190311T211500,2019-03-11T21:15:00+00:00,Monday,211500,True,scene_sorting/2019_2020/contact_sheets/CAMHDA301-20190311T211500.png
CAMHDA301-20190318T001500,2019-03-18T00:15:00+00:00,Monday,001500,True,scene_sorting/2019_2020/contact_sheets/CAMHDA301-20190318T001500.png
CAMHDA301-20190318T031500,2019-03-18T03:15:00+00:00,Monday,031500,True,scene_sorting/2019_2020/contact_sheets/CAMHDA301-20190318T031500.png
CAMHDA301-20190318T061500,2019-03-18T06:15:00+00:00,Monday,061500,True,scene_sorting/2019_2020/contact_sheets/CAMHDA301-20190318T061500.png
CAMHDA301-20190318T091500,2019-03-18T09:15:00+00:00,Monday,091500,True,scene_sorting/2019_2020/contact_sheets/CAMHDA301-20190318T091500.png
CAMHDA301-20190318T121500,2019-03-18T12:15:00+00:00,Monday,121500,True,scene_sorting/2019_2020/contact_sheets/CAMHDA301-20190318T121500.png
CAMHDA301-20190318T151500,2019-03-18T15:15:00+00:00,Monday,151500,True,scene_sorting/2019_2020/contact_sheets/CAMHDA301-20190318T151500.png
CAMHDA301-20190318T181500,2019-03-18T18:15:00+00:00,Monday,181500,True,scene_sorting/2019_2020/contact_sheets/CAMHDA301-20190318T181500.png
CAMHDA301-20190318T211500,2019-03-18T21:15:00+00:00,Monday,211500,True,scene_sorting/2019_2020/contact_sheets/CAMHDA301-20190318T211500.png
CAMHDA301-20190325T001500,2019-03-25T00:15:00+00:00,Monday,001500,True,scene_sorting/2019_2020/contact_sheets/CAMHDA301-20190325T001500.png
CAMHDA301-20190325T031500,2019-03-25T03:15:00+00:00,Monday,031500,True,scene_sorting/2019_2020/contact_sheets/CAMHDA301-20190325T031500.png
CAMHDA301-20190325T061500,2019-03-25T06:15:00+00:00,Monday,061500,True,scene_sorting/2019_2020/contact_sheets/CAMHDA301-20190325T061500.png
CAMHDA301-20190325T091500,2019-03-25T09:15:00+00:00,Monday,091500,True,scene_sorting/2019_2020/contact_sheets/CAMHDA301-20190325T091500.png
CAMHDA301-20190325T121500,2019-03-25T12:15:00+00:00,Monday,121500,True,scene_sorting/2019_2020/contact_sheets/CAMHDA301-20190325T121500.png
CAMHDA301-20190325T151500,2019-03-25T15:15:00+00:00,Monday,151500,True,scene_sorting/2019_2020/contact_sheets/CAMHDA301-20190325T151500.png
CAMHDA301-20190325T181500,2019-03-25T18:15:00+00:00,Monday,181500,True,scene_sorting/2019_2020/contact_sheets/CAMHDA301-20190325T181500.png
CAMHDA301-20190325T211500,2019-03-25T21:15:00+00:00,Monday,211500,True,scene_sorting/2019_2020/contact_sheets/CAMHDA301-20190325T211500.png
CAMHDA301-20190401T001500,2019-04-01T00:15:00+00:00,Monday,001500,False,
CAMHDA301-20190401T031500,2019-04-01T03:15:00+00:00,Monday,031500,True,scene_sorting/2019_2020/contact_sheets/CAMHDA301-20190401T031500.png
CAMHDA301-20190401T061500,2019-04-01T06:15:00+00:00,Monday,061500,True,scene_sorting/2019_2020/contact_sheets/CAMHDA301-20190401T061500.png
CAMHDA301-20190401T091500,2019-04-01T09:15:00+00:00,Monday,091500,True,scene_sorting/2019_2020/contact_sheets/CAMHDA301-20190401T091500.png
CAMHDA301-20190401T121500,2019-04-01T12:15:00+00:00,Monday,121500,True,scene_sorting/2019_2020/contact_sheets/CAMHDA301-20190401T121500.png
CAMHDA301-20190401T151500,2019-04-01T15:15:00+00:00,Monday,151500,False,
CAMHDA301-20190401T181500,2019-04-01T18:15:00+00:00,Monday,181500,False,
CAMHDA301-20190401T211500,2019-04-01T21:15:00+00:00,Monday,211500,False,
CAMHDA301-20190408T001500,2019-04-08T00:15:00+00:00,Monday,001500,False,
CAMHDA301-20190408T031500,2019-04-08T03:15:00+00:00,Monday,031500,False,
CAMHDA301-20190408T061500,2019-04-08T06:15:00+00:00,Monday,061500,False,
CAMHDA301-20190408T091500,2019-04-08T09:15:00+00:00,Monday,091500,False,
CAMHDA301-20190408T121500,2019-04-08T12:15:00+00:00,Monday,121500,False,
CAMHDA301-20190408T151500,2019-04-08T15:15:00+00:00,Monday,151500,False,
CAMHDA301-20190408T181500,2019-04-08T18:15:00+00:00,Monday,181500,False,
CAMHDA301-20190408T211500,2019-04-08T21:15:00+00:00,Monday,211500,False,
CAMHDA301-20190415T001500,2019-04-15T00:15:00+00:00,Monday,001500,False,
CAMHDA301-20190415T031500,2019-04-15T03:15:00+00:00,Monday,031500,False,
CAMHDA301-20190415T061500,2019-04-15T06:15:00+00:00,Monday,061500,False,
CAMHDA301-20190415T091500,2019-04-15T09:15:00+00:00,Monday,091500,False,
CAMHDA301-20190415T121500,2019-04-15T12:15:00+00:00,Monday,121500,False,
CAMHDA301-20190415T151500,2019-04-15T15:15:00+00:00,Monday,151500,False,
CAMHDA301-20190415T181500,2019-04-15T18:15:00+00:00,Monday,181500,False,
CAMHDA301-20190415T211500,2019-04-15T21:15:00+00:00,Monday,211500,False,
CAMHDA301-20190422T001500,2019-04-22T00:15:00+00:00,Monday,001500,False,
CAMHDA301-20190422T031500,2019-04-22T03:15:00+00:00,Monday,031500,False,
CAMHDA301-20190422T061500,2019-04-22T06:15:00+00:00,Monday,061500,False,
CAMHDA301-20190422T091500,2019-04-22T09:15:00+00:00,Monday,091500,False,
CAMHDA301-20190422T121500,2019-04-22T12:15:00+00:00,Monday,121500,False,
CAMHDA301-20190422T151500,2019-04-22T15:15:00+00:00,Monday,151500,False,
CAMHDA301-20190422T181500,2019-04-22T18:15:00+00:00,Monday,181500,False,
CAMHDA301-20190422T211500,2019-04-22T21:15:00+00:00,Monday,211500,False,
CAMHDA301-20190429T001500,2019-04-29T00:15:00+00:00,Monday,001500,True,scene_sorting/2019_2020/contact_sheets/CAMHDA301-20190429T001500.png
CAMHDA301-20190429T031500,2019-04-29T03:15:00+00:00,Monday,031500,True,scene_sorting/2019_2020/contact_sheets/CAMHDA301-20190429T031500.png
CAMHDA301-20190429T061500,2019-04-29T06:15:00+00:00,Monday,061500,True,scene_sorting/2019_2020/contact_sheets/CAMHDA301-20190429T061500.png
CAMHDA301-20190429T091500,2019-04-29T09:15:00+00:00,Monday,091500,True,scene_sorting/2019_2020/contact_sheets/CAMHDA301-20190429T091500.png
CAMHDA301-20190429T121500,2019-04-29T12:15:00+00:00,Monday,121500,True,scene_sorting/2019_2020/contact_sheets/CAMHDA301-20190429T121500.png
CAMHDA301-20190429T151500,2019-04-29T15:15:00+00:00,Monday,151500,True,scene_sorting/2019_2020/contact_sheets/CAMHDA301-20190429T151500.png
CAMHDA301-20190429T181500,2019-04-29T18:15:00+00:00,Monday,181500,True,scene_sorting/2019_2020/contact_sheets/CAMHDA301-20190429T181500.png
CAMHDA301-20190429T211500,2019-04-29T21:15:00+00:00,Monday,211500,True,scene_sorting/2019_2020/contact_sheets/CAMHDA301-20190429T211500.png
CAMHDA301-20190506T001500,2019-05-06T00:15:00+00:00,Monday,001500,True,scene_sorting/2019_2020/contact_sheets/CAMHDA301-20190506T001500.png
CAMHDA301-20190506T031500,2019-05-06T03:15:00+00:00,Monday,031500,True,scene_sorting/2019_2020/contact_sheets/CAMHDA301-20190506T031500.png
CAMHDA301-20190506T061500,2019-05-06T06:15:00+00:00,Monday,061500,True,scene_sorting/2019_2020/contact_sheets/CAMHDA301-20190506T061500.png
CAMHDA301-20190506T091500,2019-05-06T09:15:00+00:00,Monday,091500,True,scene_sorting/2019_2020/contact_sheets/CAMHDA301-20190506T091500.png
CAMHDA301-20190506T121500,2019-05-06T12:15:00+00:00,Monday,121500,True,scene_sorting/2019_2020/contact_sheets/CAMHDA301-20190506T121500.png
CAMHDA301-20190506T151500,2019-05-06T15:15:00+00:00,Monday,151500,True,scene_sorting/2019_2020/contact_sheets/CAMHDA301-20190506T151500.png
CAMHDA301-20190506T181500,2019-05-06T18:15:00+00:00,Monday,181500,True,scene_sorting/2019_2020/contact_sheets/CAMHDA301-20190506T181500.png
CAMHDA301-20190506T211500,2019-05-06T21:15:00+00:00,Monday,211500,True,scene_sorting/2019_2020/contact_sheets/CAMHDA301-20190506T211500.png
CAMHDA301-20190513T001500,2019-05-13T00:15:00+00:00,Monday,001500,True,scene_sorting/2019_2020/contact_sheets/CAMHDA301-20190513T001500.png
CAMHDA301-20190513T031500,2019-05-13T03:15:00+00:00,Monday,031500,True,scene_sorting/2019_2020/contact_sheets/CAMHDA301-20190513T031500.png
CAMHDA301-20190513T061500,2019-05-13T06:15:00+00:00,Monday,061500,True,scene_sorting/2019_2020/contact_sheets/CAMHDA301-20190513T061500.png
CAMHDA301-20190513T091500,2019-05-13T09:15:00+00:00,Monday,091500,True,scene_sorting/2019_2020/contact_sheets/CAMHDA301-20190513T091500.png
CAMHDA301-20190513T121500,2019-05-13T12:15:00+00:00,Monday,121500,True,scene_sorting/2019_2020/contact_sheets/CAMHDA301-20190513T121500.png
CAMHDA301-20190513T151500,2019-05-13T15:15:00+00:00,Monday,151500,True,scene_sorting/2019_2020/contact_sheets/CAMHDA301-20190513T151500.png
CAMHDA301-20190513T181500,2019-05-13T18:15:00+00:00,Monday,181500,True,scene_sorting/2019_2020/contact_sheets/CAMHDA301-20190513T181500.png
CAMHDA301-20190513T211500,2019-05-13T21:15:00+00:00,Monday,211500,True,scene_sorting/2019_2020/contact_sheets/CAMHDA301-20190513T211500.png
CAMHDA301-20190520T001500,2019-05-20T00:15:00+00:00,Monday,001500,True,scene_sorting/2019_2020/contact_sheets/CAMHDA301-20190520T001500.png
CAMHDA301-20190520T031500,2019-05-20T03:15:00+00:00,Monday,031500,True,scene_sorting/2019_2020/contact_sheets/CAMHDA301-20190520T031500.png
CAMHDA301-20190520T061500,2019-05-20T06:15:00+00:00,Monday,061500,True,scene_sorting/2019_2020/contact_sheets/CAMHDA301-20190520T061500.png
CAMHDA301-20190520T091500,2019-05-20T09:15:00+00:00,Monday,091500,True,scene_sorting/2019_2020/contact_sheets/CAMHDA301-20190520T091500.png
CAMHDA301-20190520T121500,2019-05-20T12:15:00+00:00,Monday,121500,True,scene_sorting/2019_2020/contact_sheets/CAMHDA301-20190520T121500.png
CAMHDA301-20190520T151500,2019-05-20T15:15:00+00:00,Monday,151500,True,scene_sorting/2019_2020/contact_sheets/CAMHDA301-20190520T151500.png
CAMHDA301-20190520T181500,2019-05-20T18:15:00+00:00,Monday,181500,True,scene_sorting/2019_2020/contact_sheets/CAMHDA301-20190520T181500.png
CAMHDA301-20190520T211500,2019-05-20T21:15:00+00:00,Monday,211500,True,scene_sorting/2019_2020/contact_sheets/CAMHDA301-20190520T211500.png
CAMHDA301-20190527T001500,2019-05-27T00:15:00+00:00,Monday,001500,True,scene_sorting/2019_2020/contact_sheets/CAMHDA301-20190527T001500.png
CAMHDA301-20190527T031500,2019-05-27T03:15:00+00:00,Monday,031500,True,scene_sorting/2019_2020/contact_sheets/CAMHDA301-20190527T031500.png
CAMHDA301-20190527T061500,2019-05-27T06:15:00+00:00,Monday,061500,True,scene_sorting/2019_2020/contact_sheets/CAMHDA301-20190527T061500.png
CAMHDA301-20190527T091500,2019-05-27T09:15:00+00:00,Monday,091500,True,scene_sorting/2019_2020/contact_sheets/CAMHDA301-20190527T091500.png
CAMHDA301-20190527T121500,2019-05-27T12:15:00+00:00,Monday,121500,True,scene_sorting/2019_2020/contact_sheets/CAMHDA301-20190527T121500.png
CAMHDA301-20190527T151500,2019-05-27T15:15:00+00:00,Monday,151500,True,scene_sorting/2019_2020/contact_sheets/CAMHDA301-20190527T151500.png
CAMHDA301-20190527T181500,2019-05-27T18:15:00+00:00,Monday,181500,True,scene_sorting/2019_2020/contact_sheets/CAMHDA301-20190527T181500.png
CAMHDA301-20190527T211500,2019-05-27T21:15:00+00:00,Monday,211500,True,scene_sorting/2019_2020/contact_sheets/CAMHDA301-20190527T211500.png
CAMHDA301-20190603T001500,2019-06-03T00:15:00+00:00,Monday,001500,True,scene_sorting/2019_2020/contact_sheets/CAMHDA301-20190603T001500.png
CAMHDA301-20190603T031500,2019-06-03T03:15:00+00:00,Monday,031500,True,scene_sorting/2019_2020/contact_sheets/CAMHDA301-20190603T031500.png
CAMHDA301-20190603T061500,2019-06-03T06:15:00+00:00,Monday,061500,True,scene_sorting/2019_2020/contact_sheets/CAMHDA301-20190603T061500.png
CAMHDA301-20190603T091500,2019-06-03T09:15:00+00:00,Monday,091500,True,scene_sorting/2019_2020/contact_sheets/CAMHDA301-20190603T091500.png
CAMHDA301-20190603T121500,2019-06-03T12:15:00+00:00,Monday,121500,True,scene_sorting/2019_2020/contact_sheets/CAMHDA301-20190603T121500.png
CAMHDA301-20190603T151500,2019-06-03T15:15:00+00:00,Monday,151500,True,scene_sorting/2019_2020/contact_sheets/CAMHDA301-20190603T151500.png
CAMHDA301-20190603T181500,2019-06-03T18:15:00+00:00,Monday,181500,True,scene_sorting/2019_2020/contact_sheets/CAMHDA301-20190603T181500.png
CAMHDA301-20190603T211500,2019-06-03T21:15:00+00:00,Monday,211500,True,scene_sorting/2019_2020/contact_sheets/CAMHDA301-20190603T211500.png
CAMHDA301-20190610T001500,2019-06-10T00:15:00+00:00,Monday,001500,True,scene_sorting/2019_2020/contact_sheets/CAMHDA301-20190610T001500.png
CAMHDA301-20190610T031500,2019-06-10T03:15:00+00:00,Monday,031500,True,scene_sorting/2019_2020/contact_sheets/CAMHDA301-20190610T031500.png
CAMHDA301-20190610T061500,2019-06-10T06:15:00+00:00,Monday,061500,True,scene_sorting/2019_2020/contact_sheets/CAMHDA301-20190610T061500.png
CAMHDA301-20190610T091500,2019-06-10T09:15:00+00:00,Monday,091500,True,scene_sorting/2019_2020/contact_sheets/CAMHDA301-20190610T091500.png
CAMHDA301-20190610T121500,2019-06-10T12:15:00+00:00,Monday,121500,True,scene_sorting/2019_2020/contact_sheets/CAMHDA301-20190610T121500.png
CAMHDA301-20190610T151500,2019-06-10T15:15:00+00:00,Monday,151500,True,scene_sorting/2019_2020/contact_sheets/CAMHDA301-20190610T151500.png
CAMHDA301-20190610T181500,2019-06-10T18:15:00+00:00,Monday,181500,True,scene_sorting/2019_2020/contact_sheets/CAMHDA301-20190610T181500.png
CAMHDA301-20190610T211500,2019-06-10T21:15:00+00:00,Monday,211500,True,scene_sorting/2019_2020/contact_sheets/CAMHDA301-20190610T211500.png
CAMHDA301-20190617T001500,2019-06-17T00:15:00+00:00,Monday,001500,True,scene_sorting/2019_2020/contact_sheets/CAMHDA301-20190617T001500.png
CAMHDA301-20190617T031500,2019-06-17T03:15:00+00:00,Monday,031500,True,scene_sorting/2019_2020/contact_sheets/CAMHDA301-20190617T031500.png
CAMHDA301-20190617T061500,2019-06-17T06:15:00+00:00,Monday,061500,True,scene_sorting/2019_2020/contact_sheets/CAMHDA301-20190617T061500.png
CAMHDA301-20190617T091500,2019-06-17T09:15:00+00:00,Monday,091500,True,scene_sorting/2019_2020/contact_sheets/CAMHDA301-20190617T091500.png
CAMHDA301-20190617T121500,2019-06-17T12:15:00+00:00,Monday,121500,True,scene_sorting/2019_2020/contact_sheets/CAMHDA301-20190617T121500.png
CAMHDA301-20190617T151500,2019-06-17T15:15:00+00:00,Monday,151500,True,scene_sorting/2019_2020/contact_sheets/CAMHDA301-20190617T151500.png
CAMHDA301-20190617T181500,2019-06-17T18:15:00+00:00,Monday,181500,True,scene_sorting/2019_2020/contact_sheets/CAMHDA301-20190617T181500.png
CAMHDA301-20190617T211500,2019-06-17T21:15:00+00:00,Monday,211500,True,scene_sorting/2019_2020/contact_sheets/CAMHDA301-20190617T211500.png
CAMHDA301-20190624T001500,2019-06-24T00:15:00+00:00,Monday,001500,True,scene_sorting/2019_2020/contact_sheets/CAMHDA301-20190624T001500.png
CAMHDA301-20190624T031500,2019-06-24T03:15:00+00:00,Monday,031500,True,scene_sorting/2019_2020/contact_sheets/CAMHDA301-20190624T031500.png
CAMHDA301-20190624T061500,2019-06-24T06:15:00+00:00,Monday,061500,True,scene_sorting/2019_2020/contact_sheets/CAMHDA301-20190624T061500.png
CAMHDA301-20190624T091500,2019-06-24T09:15:00+00:00,Monday,091500,True,scene_sorting/2019_2020/contact_sheets/CAMHDA301-20190624T091500.png
CAMHDA301-20190624T121500,2019-06-24T12:15:00+00:00,Monday,121500,True,scene_sorting/2019_2020/contact_sheets/CAMHDA301-20190624T121500.png
CAMHDA301-20190624T151500,2019-06-24T15:15:00+00:00,Monday,151500,True,scene_sorting/2019_2020/contact_sheets/CAMHDA301-20190624T151500.png
CAMHDA301-20190624T181500,2019-06-24T18:15:00+00:00,Monday,181500,True,scene_sorting/2019_2020/contact_sheets/CAMHDA301-20190624T181500.png
CAMHDA301-20190624T211500,2019-06-24T21:15:00+00:00,Monday,211500,True,scene_sorting/2019_2020/contact_sheets/CAMHDA301-20190624T211500.png
CAMHDA301-20190701T001500,2019-07-01T00:15:00+00:00,Monday,001500,False,
CAMHDA301-20190701T031500,2019-07-01T03:15:00+00:00,Monday,031500,True,scene_sorting/2019_2020/contact_sheets/CAMHDA301-20190701T031500.png
CAMHDA301-20190701T061500,2019-07-01T06:15:00+00:00,Monday,061500,True,scene_sorting/2019_2020/contact_sheets/CAMHDA301-20190701T061500.png
CAMHDA301-20190701T091500,2019-07-01T09:15:00+00:00,Monday,091500,True,scene_sorting/2019_2020/contact_sheets/CAMHDA301-20190701T091500.png
CAMHDA301-20190701T121500,2019-07-01T12:15:00+00:00,Monday,121500,True,scene_sorting/2019_2020/contact_sheets/CAMHDA301-20190701T121500.png
CAMHDA301-20190701T151500,2019-07-01T15:15:00+00:00,Monday,151500,True,scene_sorting/2019_2020/contact_sheets/CAMHDA301-20190701T151500.png
CAMHDA301-20190701T181500,2019-07-01T18:15:00+00:00,Monday,181500,True,scene_sorting/2019_2020/contact_sheets/CAMHDA301-20190701T181500.png
CAMHDA301-20190701T211500,2019-07-01T21:15:00+00:00,Monday,211500,True,scene_sorting/2019_2020/contact_sheets/CAMHDA301-20190701T211500.png
CAMHDA301-20190708T001500,2019-07-08T00:15:00+00:00,Monday,001500,True,scene_sorting/2019_2020/contact_sheets/CAMHDA301-20190708T001500.png
CAMHDA301-20190708T031500,2019-07-08T03:15:00+00:00,Monday,031500,True,scene_sorting/2019_2020/contact_sheets/CAMHDA301-20190708T031500.png
CAMHDA301-20190708T061500,2019-07-08T06:15:00+00:00,Monday,061500,True,scene_sorting/2019_2020/contact_sheets/CAMHDA301-20190708T061500.png
CAMHDA301-20190708T091500,2019-07-08T09:15:00+00:00,Monday,091500,True,scene_sorting/2019_2020/contact_sheets/CAMHDA301-20190708T091500.png
CAMHDA301-20190708T121500,2019-07-08T12:15:00+00:00,Monday,121500,True,scene_sorting/2019_2020/contact_sheets/CAMHDA301-20190708T121500.png
CAMHDA301-20190708T151500,2019-07-08T15:15:00+00:00,Monday,151500,True,scene_sorting/2019_2020/contact_sheets/CAMHDA301-20190708T151500.png
CAMHDA301-20190708T181500,2019-07-08T18:15:00+00:00,Monday,181500,True,scene_sorting/2019_2020/contact_sheets/CAMHDA301-20190708T181500.png
CAMHDA301-20190708T211500,2019-07-08T21:15:00+00:00,Monday,211500,True,scene_sorting/2019_2020/contact_sheets/CAMHDA301-20190708T211500.png
CAMHDA301-20190715T001500,2019-07-15T00:15:00+00:00,Monday,001500,True,scene_sorting/2019_2020/contact_sheets/CAMHDA301-20190715T001500.png
CAMHDA301-20190715T031500,2019-07-15T03:15:00+00:00,Monday,031500,True,scene_sorting/2019_2020/contact_sheets/CAMHDA301-20190715T031500.png
CAMHDA301-20190715T061500,2019-07-15T06:15:00+00:00,Monday,061500,True,scene_sorting/2019_2020/contact_sheets/CAMHDA301-20190715T061500.png
CAMHDA301-20190715T091500,2019-07-15T09:15:00+00:00,Monday,091500,True,scene_sorting/2019_2020/contact_sheets/CAMHDA301-20190715T091500.png
CAMHDA301-20190715T121500,2019-07-15T12:15:00+00:00,Monday,121500,True,scene_sorting/2019_2020/contact_sheets/CAMHDA301-20190715T121500.png
CAMHDA301-20190715T151500,2019-07-15T15:15:00+00:00,Monday,151500,True,scene_sorting/2019_2020/contact_sheets/CAMHDA301-20190715T151500.png
CAMHDA301-20190715T181500,2019-07-15T18:15:00+00:00,Monday,181500,True,scene_sorting/2019_2020/contact_sheets/CAMHDA301-20190715T181500.png
CAMHDA301-20190715T211500,2019-07-15T21:15:00+00:00,Monday,211500,True,scene_sorting/2019_2020/contact_sheets/CAMHDA301-20190715T211500.png
CAMHDA301-20190722T001500,2019-07-22T00:15:00+00:00,Monday,001500,True,scene_sorting/2019_2020/contact_sheets/CAMHDA301-20190722T001500.png
CAMHDA301-20190722T031500,2019-07-22T03:15:00+00:00,Monday,031500,True,scene_sorting/2019_2020/contact_sheets/CAMHDA301-20190722T031500.png
CAMHDA301-20190722T061500,2019-07-22T06:15:00+00:00,Monday,061500,True,scene_sorting/2019_2020/contact_sheets/CAMHDA301-20190722T061500.png
CAMHDA301-20190722T091500,2019-07-22T09:15:00+00:00,Monday,091500,True,scene_sorting/2019_2020/contact_sheets/CAMHDA301-20190722T091500.png
CAMHDA301-20190722T121500,2019-07-22T12:15:00+00:00,Monday,121500,True,scene_sorting/2019_2020/contact_sheets/CAMHDA301-20190722T121500.png
CAMHDA301-20190722T151500,2019-07-22T15:15:00+00:00,Monday,151500,True,scene_sorting/2019_2020/contact_sheets/CAMHDA301-20190722T151500.png
CAMHDA301-20190722T181500,2019-07-22T18:15:00+00:00,Monday,181500,True,scene_sorting/2019_2020/contact_sheets/CAMHDA301-20190722T181500.png
CAMHDA301-20190722T211500,2019-07-22T21:15:00+00:00,Monday,211500,True,scene_sorting/2019_2020/contact_sheets/CAMHDA301-20190722T211500.png
CAMHDA301-20190729T001500,2019-07-29T00:15:00+00:00,Monday,001500,False,
CAMHDA301-20190729T031500,2019-07-29T03:15:00+00:00,Monday,031500,False,
CAMHDA301-20190729T061500,2019-07-29T06:15:00+00:00,Monday,061500,False,
CAMHDA301-20190729T091500,2019-07-29T09:15:00+00:00,Monday,091500,False,
CAMHDA301-20190729T121500,2019-07-29T12:15:00+00:00,Monday,121500,False,
CAMHDA301-20190729T151500,2019-07-29T15:15:00+00:00,Monday,151500,False,
CAMHDA301-20190729T181500,2019-07-29T18:15:00+00:00,Monday,181500,False,
CAMHDA301-20190729T211500,2019-07-29T21:15:00+00:00,Monday,211500,False,
CAMHDA301-20190805T001500,2019-08-05T00:15:00+00:00,Monday,001500,False,
CAMHDA301-20190805T031500,2019-08-05T03:15:00+00:00,Monday,031500,False,
CAMHDA301-20190805T061500,2019-08-05T06:15:00+00:00,Monday,061500,False,
CAMHDA301-20190805T091500,2019-08-05T09:15:00+00:00,Monday,091500,False,
CAMHDA301-20190805T121500,2019-08-05T12:15:00+00:00,Monday,121500,False,
CAMHDA301-20190805T151500,2019-08-05T15:15:00+00:00,Monday,151500,False,
CAMHDA301-20190805T181500,2019-08-05T18:15:00+00:00,Monday,181500,False,
CAMHDA301-20190805T211500,2019-08-05T21:15:00+00:00,Monday,211500,False,
CAMHDA301-20190812T001500,2019-08-12T00:15:00+00:00,Monday,001500,False,
CAMHDA301-20190812T031500,2019-08-12T03:15:00+00:00,Monday,031500,False,
CAMHDA301-20190812T061500,2019-08-12T06:15:00+00:00,Monday,061500,False,
CAMHDA301-20190812T091500,2019-08-12T09:15:00+00:00,Monday,091500,False,
CAMHDA301-20190812T121500,2019-08-12T12:15:00+00:00,Monday,121500,False,
CAMHDA301-20190812T151500,2019-08-12T15:15:00+00:00,Monday,151500,False,
CAMHDA301-20190812T181500,2019-08-12T18:15:00+00:00,Monday,181500,False,
CAMHDA301-20190812T211500,2019-08-12T21:15:00+00:00,Monday,211500,False,
CAMHDA301-20190819T001500,2019-08-19T00:15:00+00:00,Monday,001500,False,
CAMHDA301-20190819T031500,2019-08-19T03:15:00+00:00,Monday,031500,False,
CAMHDA301-20190819T061500,2019-08-19T06:15:00+00:00,Monday,061500,False,
CAMHDA301-20190819T091500,2019-08-19T09:15:00+00:00,Monday,091500,False,
CAMHDA301-20190819T121500,2019-08-19T12:15:00+00:00,Monday,121500,False,
CAMHDA301-20190819T151500,2019-08-19T15:15:00+00:00,Monday,151500,False,
CAMHDA301-20190819T181500,2019-08-19T18:15:00+00:00,Monday,181500,False,
CAMHDA301-20190819T211500,2019-08-19T21:15:00+00:00,Monday,211500,False,
CAMHDA301-20190826T001500,2019-08-26T00:15:00+00:00,Monday,001500,False,
CAMHDA301-20190826T031500,2019-08-26T03:15:00+00:00,Monday,031500,False,
CAMHDA301-20190826T061500,2019-08-26T06:15:00+00:00,Monday,061500,False,
CAMHDA301-20190826T091500,2019-08-26T09:15:00+00:00,Monday,091500,False,
CAMHDA301-20190826T121500,2019-08-26T12:15:00+00:00,Monday,121500,False,
CAMHDA301-20190826T151500,2019-08-26T15:15:00+00:00,Monday,151500,False,
CAMHDA301-20190826T181500,2019-08-26T18:15:00+00:00,Monday,181500,False,
CAMHDA301-20190826T211500,2019-08-26T21:15:00+00:00,Monday,211500,False,
CAMHDA301-20190902T001500,2019-09-02T00:15:00+00:00,Monday,001500,False,
CAMHDA301-20190902T031500,2019-09-02T03:15:00+00:00,Monday,031500,False,
CAMHDA301-20190902T061500,2019-09-02T06:15:00+00:00,Monday,061500,False,
CAMHDA301-20190902T091500,2019-09-02T09:15:00+00:00,Monday,091500,False,
CAMHDA301-20190902T121500,2019-09-02T12:15:00+00:00,Monday,121500,False,
CAMHDA301-20190902T151500,2019-09-02T15:15:00+00:00,Monday,151500,False,
CAMHDA301-20190902T181500,2019-09-02T18:15:00+00:00,Monday,181500,False,
CAMHDA301-20190902T211500,2019-09-02T21:15:00+00:00,Monday,211500,False,
CAMHDA301-20190909T001500,2019-09-09T00:15:00+00:00,Monday,001500,False,
CAMHDA301-20190909T031500,2019-09-09T03:15:00+00:00,Monday,031500,False,
CAMHDA301-20190909T061500,2019-09-09T06:15:00+00:00,Monday,061500,False,
CAMHDA301-20190909T091500,2019-09-09T09:15:00+00:00,Monday,091500,False,
CAMHDA301-20190909T121500,2019-09-09T12:15:00+00:00,Monday,121500,False,
CAMHDA301-20190909T151500,2019-09-09T15:15:00+00:00,Monday,151500,False,
CAMHDA301-20190909T181500,2019-09-09T18:15:00+00:00,Monday,181500,False,
CAMHDA301-20190909T211500,2019-09-09T21:15:00+00:00,Monday,211500,False,
CAMHDA301-20190916T001500,2019-09-16T00:15:00+00:00,Monday,001500,False,
CAMHDA301-20190916T031500,2019-09-16T03:15:00+00:00,Monday,031500,False,
CAMHDA301-20190916T061500,2019-09-16T06:15:00+00:00,Monday,061500,False,
CAMHDA301-20190916T091500,2019-09-16T09:15:00+00:00,Monday,091500,False,
CAMHDA301-20190916T121500,2019-09-16T12:15:00+00:00,Monday,121500,False,
CAMHDA301-20190916T151500,2019-09-16T15:15:00+00:00,Monday,151500,False,
CAMHDA301-20190916T181500,2019-09-16T18:15:00+00:00,Monday,181500,False,
CAMHDA301-20190916T211500,2019-09-16T21:15:00+00:00,Monday,211500,False,
CAMHDA301-20190923T001500,2019-09-23T00:15:00+00:00,Monday,001500,False,
CAMHDA301-20190923T031500,2019-09-23T03:15:00+00:00,Monday,031500,False,
CAMHDA301-20190923T061500,2019-09-23T06:15:00+00:00,Monday,061500,False,
CAMHDA301-20190923T091500,2019-09-23T09:15:00+00:00,Monday,091500,False,
CAMHDA301-20190923T121500,2019-09-23T12:15:00+00:00,Monday,121500,False,
CAMHDA301-20190923T151500,2019-09-23T15:15:00+00:00,Monday,151500,False,
CAMHDA301-20190923T181500,2019-09-23T18:15:00+00:00,Monday,181500,False,
CAMHDA301-20190923T211500,2019-09-23T21:15:00+00:00,Monday,211500,False,
CAMHDA301-20190930T001500,2019-09-30T00:15:00+00:00,Monday,001500,False,
CAMHDA301-20190930T031500,2019-09-30T03:15:00+00:00,Monday,031500,False,
CAMHDA301-20190930T061500,2019-09-30T06:15:00+00:00,Monday,061500,False,
CAMHDA301-20190930T091500,2019-09-30T09:15:00+00:00,Monday,091500,False,
CAMHDA301-20190930T121500,2019-09-30T12:15:00+00:00,Monday,121500,False,
CAMHDA301-20190930T151500,2019-09-30T15:15:00+00:00,Monday,151500,False,
CAMHDA301-20190930T181500,2019-09-30T18:15:00+00:00,Monday,181500,False,
CAMHDA301-20190930T211500,2019-09-30T21:15:00+00:00,Monday,211500,False,
CAMHDA301-20191007T001500,2019-10-07T00:15:00+00:00,Monday,001500,False,
CAMHDA301-20191007T031500,2019-10-07T03:15:00+00:00,Monday,031500,False,
CAMHDA301-20191007T061500,2019-10-07T06:15:00+00:00,Monday,061500,False,
CAMHDA301-20191007T091500,2019-10-07T09:15:00+00:00,Monday,091500,False,
CAMHDA301-20191007T121500,2019-10-07T12:15:00+00:00,Monday,121500,False,
CAMHDA301-20191007T151500,2019-10-07T15:15:00+00:00,Monday,151500,False,
CAMHDA301-20191007T181500,2019-10-07T18:15:00+00:00,Monday,181500,False,
CAMHDA301-20191007T211500,2019-10-07T21:15:00+00:00,Monday,211500,False,
CAMHDA301-20191014T001500,2019-10-14T00:15:00+00:00,Monday,001500,False,
CAMHDA301-20191014T031500,2019-10-14T03:15:00+00:00,Monday,031500,False,
CAMHDA301-20191014T061500,2019-10-14T06:15:00+00:00,Monday,061500,False,
CAMHDA301-20191014T091500,2019-10-14T09:15:00+00:00,Monday,091500,False,
CAMHDA301-20191014T121500,2019-10-14T12:15:00+00:00,Monday,121500,False,
CAMHDA301-20191014T151500,2019-10-14T15:15:00+00:00,Monday,151500,False,
CAMHDA301-20191014T181500,2019-10-14T18:15:00+00:00,Monday,181500,False,
CAMHDA301-20191014T211500,2019-10-14T21:15:00+00:00,Monday,211500,False,
CAMHDA301-20191021T001500,2019-10-21T00:15:00+00:00,Monday,001500,False,
CAMHDA301-20191021T031500,2019-10-21T03:15:00+00:00,Monday,031500,False,
CAMHDA301-20191021T061500,2019-10-21T06:15:00+00:00,Monday,061500,False,
CAMHDA301-20191021T091500,2019-10-21T09:15:00+00:00,Monday,091500,False,
CAMHDA301-20191021T121500,2019-10-21T12:15:00+00:00,Monday,121500,False,
CAMHDA301-20191021T151500,2019-10-21T15:15:00+00:00,Monday,151500,False,
CAMHDA301-20191021T181500,2019-10-21T18:15:00+00:00,Monday,181500,False,
CAMHDA301-20191021T211500,2019-10-21T21:15:00+00:00,Monday,211500,False,
CAMHDA301-20191028T001500,2019-10-28T00:15:00+00:00,Monday,001500,False,
CAMHDA301-20191028T031500,2019-10-28T03:15:00+00:00,Monday,031500,False,
CAMHDA301-20191028T061500,2019-10-28T06:15:00+00:00,Monday,061500,False,
CAMHDA301-20191028T091500,2019-10-28T09:15:00+00:00,Monday,091500,False,
CAMHDA301-20191028T121500,2019-10-28T12:15:00+00:00,Monday,121500,False,
CAMHDA301-20191028T151500,2019-10-28T15:15:00+00:00,Monday,151500,False,
CAMHDA301-20191028T181500,2019-10-28T18:15:00+00:00,Monday,181500,False,
CAMHDA301-20191028T211500,2019-10-28T21:15:00+00:00,Monday,211500,False,
CAMHDA301-20191104T001500,2019-11-04T00:15:00+00:00,Monday,001500,False,
CAMHDA301-20191104T031500,2019-11-04T03:15:00+00:00,Monday,031500,False,
CAMHDA301-20191104T061500,2019-11-04T06:15:00+00:00,Monday,061500,False,
CAMHDA301-20191104T091500,2019-11-04T09:15:00+00:00,Monday,091500,False,
CAMHDA301-20191104T121500,2019-11-04T12:15:00+00:00,Monday,121500,False,
CAMHDA301-20191104T151500,2019-11-04T15:15:00+00:00,Monday,151500,False,
CAMHDA301-20191104T181500,2019-11-04T18:15:00+00:00,Monday,181500,False,
CAMHDA301-20191104T211500,2019-11-04T21:15:00+00:00,Monday,211500,False,
CAMHDA301-20191111T001500,2019-11-11T00:15:00+00:00,Monday,001500,False,
CAMHDA301-20191111T031500,2019-11-11T03:15:00+00:00,Monday,031500,False,
CAMHDA301-20191111T061500,2019-11-11T06:15:00+00:00,Monday,061500,False,
CAMHDA301-20191111T091500,2019-11-11T09:15:00+00:00,Monday,091500,False,
CAMHDA301-20191111T121500,2019-11-11T12:15:00+00:00,Monday,121500,False,
CAMHDA301-20191111T151500,2019-11-11T15:15:00+00:00,Monday,151500,False,
CAMHDA301-20191111T181500,2019-11-11T18:15:00+00:00,Monday,181500,False,
CAMHDA301-20191111T211500,2019-11-11T21:15:00+00:00,Monday,211500,False,
CAMHDA301-20191118T001500,2019-11-18T00:15:00+00:00,Monday,001500,False,
CAMHDA301-20191118T031500,2019-11-18T03:15:00+00:00,Monday,031500,False,
CAMHDA301-20191118T061500,2019-11-18T06:15:00+00:00,Monday,061500,False,
CAMHDA301-20191118T091500,2019-11-18T09:15:00+00:00,Monday,091500,False,
CAMHDA301-20191118T121500,2019-11-18T12:15:00+00:00,Monday,121500,False,
CAMHDA301-20191118T151500,2019-11-18T15:15:00+00:00,Monday,151500,False,
CAMHDA301-20191118T181500,2019-11-18T18:15:00+00:00,Monday,181500,False,
CAMHDA301-20191118T211500,2019-11-18T21:15:00+00:00,Monday,211500,False,
CAMHDA301-20191125T001500,2019-11-25T00:15:00+00:00,Monday,001500,False,
CAMHDA301-20191125T031500,2019-11-25T03:15:00+00:00,Monday,031500,False,
CAMHDA301-20191125T061500,2019-11-25T06:15:00+00:00,Monday,061500,False,
CAMHDA301-20191125T091500,2019-11-25T09:15:00+00:00,Monday,091500,False,
CAMHDA301-20191125T121500,2019-11-25T12:15:00+00:00,Monday,121500,False,
CAMHDA301-20191125T151500,2019-11-25T15:15:00+00:00,Monday,151500,False,
CAMHDA301-20191125T181500,2019-11-25T18:15:00+00:00,Monday,181500,False,
CAMHDA301-20191125T211500,2019-11-25T21:15:00+00:00,Monday,211500,False,
CAMHDA301-20191202T001500,2019-12-02T00:15:00+00:00,Monday,001500,False,
CAMHDA301-20191202T031500,2019-12-02T03:15:00+00:00,Monday,031500,False,
CAMHDA301-20191202T061500,2019-12-02T06:15:00+00:00,Monday,061500,False,
CAMHDA301-20191202T091500,2019-12-02T09:15:00+00:00,Monday,091500,False,
CAMHDA301-20191202T121500,2019-12-02T12:15:00+00:00,Monday,121500,False,
CAMHDA301-20191202T151500,2019-12-02T15:15:00+00:00,Monday,151500,False,
CAMHDA301-20191202T181500,2019-12-02T18:15:00+00:00,Monday,181500,False,
CAMHDA301-20191202T211500,2019-12-02T21:15:00+00:00,Monday,211500,False,
CAMHDA301-20191209T001500,2019-12-09T00:15:00+00:00,Monday,001500,False,
CAMHDA301-20191209T031500,2019-12-09T03:15:00+00:00,Monday,031500,False,
CAMHDA301-20191209T061500,2019-12-09T06:15:00+00:00,Monday,061500,False,
CAMHDA301-20191209T091500,2019-12-09T09:15:00+00:00,Monday,091500,False,
CAMHDA301-20191209T121500,2019-12-09T12:15:00+00:00,Monday,121500,False,
CAMHDA301-20191209T151500,2019-12-09T15:15:00+00:00,Monday,151500,False,
CAMHDA301-20191209T181500,2019-12-09T18:15:00+00:00,Monday,181500,False,
CAMHDA301-20191209T211500,2019-12-09T21:15:00+00:00,Monday,211500,False,
CAMHDA301-20191216T001500,2019-12-16T00:15:00+00:00,Monday,001500,False,
CAMHDA301-20191216T031500,2019-12-16T03:15:00+00:00,Monday,031500,False,
CAMHDA301-20191216T061500,2019-12-16T06:15:00+00:00,Monday,061500,False,
CAMHDA301-20191216T091500,2019-12-16T09:15:00+00:00,Monday,091500,False,
CAMHDA301-20191216T121500,2019-12-16T12:15:00+00:00,Monday,121500,False,
CAMHDA301-20191216T151500,2019-12-16T15:15:00+00:00,Monday,151500,False,
CAMHDA301-20191216T181500,2019-12-16T18:15:00+00:00,Monday,181500,False,
CAMHDA301-20191216T211500,2019-12-16T21:15:00+00:00,Monday,211500,False,
CAMHDA301-20191223T001500,2019-12-23T00:15:00+00:00,Monday,001500,False,
CAMHDA301-20191223T031500,2019-12-23T03:15:00+00:00,Monday,031500,False,
CAMHDA301-20191223T061500,2019-12-23T06:15:00+00:00,Monday,061500,False,
CAMHDA301-20191223T091500,2019-12-23T09:15:00+00:00,Monday,091500,False,
CAMHDA301-20191223T121500,2019-12-23T12:15:00+00:00,Monday,121500,False,
CAMHDA301-20191223T151500,2019-12-23T15:15:00+00:00,Monday,151500,False,
CAMHDA301-20191223T181500,2019-12-23T18:15:00+00:00,Monday,181500,False,
CAMHDA301-20191223T211500,2019-12-23T21:15:00+00:00,Monday,211500,False,
CAMHDA301-20191230T001500,2019-12-30T00:15:00+00:00,Monday,001500,False,
CAMHDA301-20191230T031500,2019-12-30T03:15:00+00:00,Monday,031500,False,
CAMHDA301-20191230T061500,2019-12-30T06:15:00+00:00,Monday,061500,False,
CAMHDA301-20191230T091500,2019-12-30T09:15:00+00:00,Monday,091500,False,
CAMHDA301-20191230T121500,2019-12-30T12:15:00+00:00,Monday,121500,False,
CAMHDA301-20191230T151500,2019-12-30T15:15:00+00:00,Monday,151500,False,
CAMHDA301-20191230T181500,2019-12-30T18:15:00+00:00,Monday,181500,False,
CAMHDA301-20191230T211500,2019-12-30T21:15:00+00:00,Monday,211500,False,
CAMHDA301-20200106T001500,2020-01-06T00:15:00+00:00,Monday,001500,False,
CAMHDA301-20200106T031500,2020-01-06T03:15:00+00:00,Monday,031500,False,
CAMHDA301-20200106T061500,2020-01-06T06:15:00+00:00,Monday,061500,False,
CAMHDA301-20200106T091500,2020-01-06T09:15:00+00:00,Monday,091500,False,
CAMHDA301-20200106T121500,2020-01-06T12:15:00+00:00,Monday,121500,False,
CAMHDA301-20200106T151500,2020-01-06T15:15:00+00:00,Monday,151500,False,
CAMHDA301-20200106T181500,2020-01-06T18:15:00+00:00,Monday,181500,False,
CAMHDA301-20200106T211500,2020-01-06T21:15:00+00:00,Monday,211500,False,
CAMHDA301-20200113T001500,2020-01-13T00:15:00+00:00,Monday,001500,False,
CAMHDA301-20200113T031500,2020-01-13T03:15:00+00:00,Monday,031500,False,
CAMHDA301-20200113T061500,2020-01-13T06:15:00+00:00,Monday,061500,False,
CAMHDA301-20200113T091500,2020-01-13T09:15:00+00:00,Monday,091500,False,
CAMHDA301-20200113T121500,2020-01-13T12:15:00+00:00,Monday,121500,False,
CAMHDA301-20200113T151500,2020-01-13T15:15:00+00:00,Monday,151500,False,
CAMHDA301-20200113T181500,2020-01-13T18:15:00+00:00,Monday,181500,False,
CAMHDA301-20200113T211500,2020-01-13T21:15:00+00:00,Monday,211500,False,
CAMHDA301-20200120T001500,2020-01-20T00:15:00+00:00,Monday,001500,False,
CAMHDA301-20200120T031500,2020-01-20T03:15:00+00:00,Monday,031500,False,
CAMHDA301-20200120T061500,2020-01-20T06:15:00+00:00,Monday,061500,False,
CAMHDA301-20200120T091500,2020-01-20T09:15:00+00:00,Monday,091500,False,
CAMHDA301-20200120T121500,2020-01-20T12:15:00+00:00,Monday,121500,False,
CAMHDA301-20200120T151500,2020-01-20T15:15:00+00:00,Monday,151500,False,
CAMHDA301-20200120T181500,2020-01-20T18:15:00+00:00,Monday,181500,False,
CAMHDA301-20200120T211500,2020-01-20T21:15:00+00:00,Monday,211500,False,
CAMHDA301-20200127T001500,2020-01-27T00:15:00+00:00,Monday,001500,False,
CAMHDA301-20200127T031500,2020-01-27T03:15:00+00:00,Monday,031500,False,
CAMHDA301-20200127T061500,2020-01-27T06:15:00+00:00,Monday,061500,False,
CAMHDA301-20200127T091500,2020-01-27T09:15:00+00:00,Monday,091500,False,
CAMHDA301-20200127T121500,2020-01-27T12:15:00+00:00,Monday,121500,False,
CAMHDA301-20200127T151500,2020-01-27T15:15:00+00:00,Monday,151500,False,
CAMHDA301-20200127T181500,2020-01-27T18:15:00+00:00,Monday,181500,False,
CAMHDA301-20200127T211500,2020-01-27T21:15:00+00:00,Monday,211500,False,
CAMHDA301-20200203T001500,2020-02-03T00:15:00+00:00,Monday,001500,False,
CAMHDA301-20200203T031500,2020-02-03T03:15:00+00:00,Monday,031500,False,
CAMHDA301-20200203T061500,2020-02-03T06:15:00+00:00,Monday,061500,False,
CAMHDA301-20200203T091500,2020-02-03T09:15:00+00:00,Monday,091500,False,
CAMHDA301-20200203T121500,2020-02-03T12:15:00+00:00,Monday,121500,False,
CAMHDA301-20200203T151500,2020-02-03T15:15:00+00:00,Monday,151500,False,
CAMHDA301-20200203T181500,2020-02-03T18:15:00+00:00,Monday,181500,False,
CAMHDA301-20200203T211500,2020-02-03T21:15:00+00:00,Monday,211500,False,
CAMHDA301-20200210T001500,2020-02-10T00:15:00+00:00,Monday,001500,False,
CAMHDA301-20200210T031500,2020-02-10T03:15:00+00:00,Monday,031500,False,
CAMHDA301-20200210T061500,2020-02-10T06:15:00+00:00,Monday,061500,False,
CAMHDA301-20200210T091500,2020-02-10T09:15:00+00:00,Monday,091500,False,
CAMHDA301-20200210T121500,2020-02-10T12:15:00+00:00,Monday,121500,False,
CAMHDA301-20200210T151500,2020-02-10T15:15:00+00:00,Monday,151500,False,
CAMHDA301-20200210T181500,2020-02-10T18:15:00+00:00,Monday,181500,False,
CAMHDA301-20200210T211500,2020-02-10T21:15:00+00:00,Monday,211500,False,
CAMHDA301-20200217T001500,2020-02-17T00:15:00+00:00,Monday,001500,False,
CAMHDA301-20200217T031500,2020-02-17T03:15:00+00:00,Monday,031500,False,
CAMHDA301-20200217T061500,2020-02-17T06:15:00+00:00,Monday,061500,False,
CAMHDA301-20200217T091500,2020-02-17T09:15:00+00:00,Monday,091500,False,
CAMHDA301-20200217T121500,2020-02-17T12:15:00+00:00,Monday,121500,False,
CAMHDA301-20200217T151500,2020-02-17T15:15:00+00:00,Monday,151500,False,
CAMHDA301-20200217T181500,2020-02-17T18:15:00+00:00,Monday,181500,False,
CAMHDA301-20200217T211500,2020-02-17T21:15:00+00:00,Monday,211500,False,
CAMHDA301-20200224T001500,2020-02-24T00:15:00+00:00,Monday,001500,False,
CAMHDA301-20200224T031500,2020-02-24T03:15:00+00:00,Monday,031500,False,
CAMHDA301-20200224T061500,2020-02-24T06:15:00+00:00,Monday,061500,False,
CAMHDA301-20200224T091500,2020-02-24T09:15:00+00:00,Monday,091500,False,
CAMHDA301-20200224T121500,2020-02-24T12:15:00+00:00,Monday,121500,False,
CAMHDA301-20200224T151500,2020-02-24T15:15:00+00:00,Monday,151500,False,
CAMHDA301-20200224T181500,2020-02-24T18:15:00+00:00,Monday,181500,False,
CAMHDA301-20200224T211500,2020-02-24T21:15:00+00:00,Monday,211500,False,
CAMHDA301-20200302T001500,2020-03-02T00:15:00+00:00,Monday,001500,False,
CAMHDA301-20200302T031500,2020-03-02T03:15:00+00:00,Monday,031500,False,
CAMHDA301-20200302T061500,2020-03-02T06:15:00+00:00,Monday,061500,False,
CAMHDA301-20200302T091500,2020-03-02T09:15:00+00:00,Monday,091500,False,
CAMHDA301-20200302T121500,2020-03-02T12:15:00+00:00,Monday,121500,False,
CAMHDA301-20200302T151500,2020-03-02T15:15:00+00:00,Monday,151500,False,
CAMHDA301-20200302T181500,2020-03-02T18:15:00+00:00,Monday,181500,False,
CAMHDA301-20200302T211500,2020-03-02T21:15:00+00:00,Monday,211500,False,
CAMHDA301-20200309T001500,2020-03-09T00:15:00+00:00,Monday,001500,False,
CAMHDA301-20200309T031500,2020-03-09T03:15:00+00:00,Monday,031500,False,
CAMHDA301-20200309T061500,2020-03-09T06:15:00+00:00,Monday,061500,False,
CAMHDA301-20200309T091500,2020-03-09T09:15:00+00:00,Monday,091500,False,
CAMHDA301-20200309T121500,2020-03-09T12:15:00+00:00,Monday,121500,False,
CAMHDA301-20200309T151500,2020-03-09T15:15:00+00:00,Monday,151500,False,
CAMHDA301-20200309T181500,2020-03-09T18:15:00+00:00,Monday,181500,False,
CAMHDA301-20200309T211500,2020-03-09T21:15:00+00:00,Monday,211500,False,
CAMHDA301-20200316T001500,2020-03-16T00:15:00+00:00,Monday,001500,False,
CAMHDA301-20200316T031500,2020-03-16T03:15:00+00:00,Monday,031500,False,
CAMHDA301-20200316T061500,2020-03-16T06:15:00+00:00,Monday,061500,False,
CAMHDA301-20200316T091500,2020-03-16T09:15:00+00:00,Monday,091500,False,
CAMHDA301-20200316T121500,2020-03-16T12:15:00+00:00,Monday,121500,False,
CAMHDA301-20200316T151500,2020-03-16T15:15:00+00:00,Monday,151500,False,
CAMHDA301-20200316T181500,2020-03-16T18:15:00+00:00,Monday,181500,False,
CAMHDA301-20200316T211500,2020-03-16T21:15:00+00:00,Monday,211500,False,
CAMHDA301-20200323T001500,2020-03-23T00:15:00+00:00,Monday,001500,False,
CAMHDA301-20200323T031500,2020-03-23T03:15:00+00:00,Monday,031500,False,
CAMHDA301-20200323T061500,2020-03-23T06:15:00+00:00,Monday,061500,False,
CAMHDA301-20200323T091500,2020-03-23T09:15:00+00:00,Monday,091500,False,
CAMHDA301-20200323T121500,2020-03-23T12:15:00+00:00,Monday,121500,False,
CAMHDA301-20200323T151500,2020-03-23T15:15:00+00:00,Monday,151500,False,
CAMHDA301-20200323T181500,2020-03-23T18:15:00+00:00,Monday,181500,False,
CAMHDA301-20200323T211500,2020-03-23T21:15:00+00:00,Monday,211500,False,
CAMHDA301-20200330T001500,2020-03-30T00:15:00+00:00,Monday,001500,False,
CAMHDA301-20200330T031500,2020-03-30T03:15:00+00:00,Monday,031500,False,
CAMHDA301-20200330T061500,2020-03-30T06:15:00+00:00,Monday,061500,False,
CAMHDA301-20200330T091500,2020-03-30T09:15:00+00:00,Monday,091500,False,
CAMHDA301-20200330T121500,2020-03-30T12:15:00+00:00,Monday,121500,False,
CAMHDA301-20200330T151500,2020-03-30T15:15:00+00:00,Monday,151500,False,
CAMHDA301-20200330T181500,2020-03-30T18:15:00+00:00,Monday,181500,False,
CAMHDA301-20200330T211500,2020-03-30T21:15:00+00:00,Monday,211500,False,
CAMHDA301-20200406T001500,2020-04-06T00:15:00+00:00,Monday,001500,False,
CAMHDA301-20200406T031500,2020-04-06T03:15:00+00:00,Monday,031500,False,
CAMHDA301-20200406T061500,2020-04-06T06:15:00+00:00,Monday,061500,False,
CAMHDA301-20200406T091500,2020-04-06T09:15:00+00:00,Monday,091500,False,
CAMHDA301-20200406T121500,2020-04-06T12:15:00+00:00,Monday,121500,False,
CAMHDA301-20200406T151500,2020-04-06T15:15:00+00:00,Monday,151500,False,
CAMHDA301-20200406T181500,2020-04-06T18:15:00+00:00,Monday,181500,False,
CAMHDA301-20200406T211500,2020-04-06T21:15:00+00:00,Monday,211500,False,
CAMHDA301-20200413T001500,2020-04-13T00:15:00+00:00,Monday,001500,False,
CAMHDA301-20200413T031500,2020-04-13T03:15:00+00:00,Monday,031500,False,
CAMHDA301-20200413T061500,2020-04-13T06:15:00+00:00,Monday,061500,False,
CAMHDA301-20200413T091500,2020-04-13T09:15:00+00:00,Monday,091500,False,
CAMHDA301-20200413T121500,2020-04-13T12:15:00+00:00,Monday,121500,False,
CAMHDA301-20200413T151500,2020-04-13T15:15:00+00:00,Monday,151500,False,
CAMHDA301-20200413T181500,2020-04-13T18:15:00+00:00,Monday,181500,False,
CAMHDA301-20200413T211500,2020-04-13T21:15:00+00:00,Monday,211500,False,
CAMHDA301-20200420T001500,2020-04-20T00:15:00+00:00,Monday,001500,False,
CAMHDA301-20200420T031500,2020-04-20T03:15:00+00:00,Monday,031500,False,
CAMHDA301-20200420T061500,2020-04-20T06:15:00+00:00,Monday,061500,False,
CAMHDA301-20200420T091500,2020-04-20T09:15:00+00:00,Monday,091500,False,
CAMHDA301-20200420T121500,2020-04-20T12:15:00+00:00,Monday,121500,False,
CAMHDA301-20200420T151500,2020-04-20T15:15:00+00:00,Monday,151500,False,
CAMHDA301-20200420T181500,2020-04-20T18:15:00+00:00,Monday,181500,False,
CAMHDA301-20200420T211500,2020-04-20T21:15:00+00:00,Monday,211500,False,
CAMHDA301-20200427T001500,2020-04-27T00:15:00+00:00,Monday,001500,False,
CAMHDA301-20200427T031500,2020-04-27T03:15:00+00:00,Monday,031500,False,
CAMHDA301-20200427T061500,2020-04-27T06:15:00+00:00,Monday,061500,False,
CAMHDA301-20200427T091500,2020-04-27T09:15:00+00:00,Monday,091500,False,
CAMHDA301-20200427T121500,2020-04-27T12:15:00+00:00,Monday,121500,False,
CAMHDA301-20200427T151500,2020-04-27T15:15:00+00:00,Monday,151500,False,
CAMHDA301-20200427T181500,2020-04-27T18:15:00+00:00,Monday,181500,False,
CAMHDA301-20200427T211500,2020-04-27T21:15:00+00:00,Monday,211500,False,
CAMHDA301-20200504T001500,2020-05-04T00:15:00+00:00,Monday,001500,False,
CAMHDA301-20200504T031500,2020-05-04T03:15:00+00:00,Monday,031500,False,
CAMHDA301-20200504T061500,2020-05-04T06:15:00+00:00,Monday,061500,False,
CAMHDA301-20200504T091500,2020-05-04T09:15:00+00:00,Monday,091500,False,
CAMHDA301-20200504T121500,2020-05-04T12:15:00+00:00,Monday,121500,False,
CAMHDA301-20200504T151500,2020-05-04T15:15:00+00:00,Monday,151500,False,
CAMHDA301-20200504T181500,2020-05-04T18:15:00+00:00,Monday,181500,False,
CAMHDA301-20200504T211500,2020-05-04T21:15:00+00:00,Monday,211500,False,
CAMHDA301-20200511T001500,2020-05-11T00:15:00+00:00,Monday,001500,False,
CAMHDA301-20200511T031500,2020-05-11T03:15:00+00:00,Monday,031500,False,
CAMHDA301-20200511T061500,2020-05-11T06:15:00+00:00,Monday,061500,False,
CAMHDA301-20200511T091500,2020-05-11T09:15:00+00:00,Monday,091500,False,
CAMHDA301-20200511T121500,2020-05-11T12:15:00+00:00,Monday,121500,False,
CAMHDA301-20200511T151500,2020-05-11T15:15:00+00:00,Monday,151500,False,
CAMHDA301-20200511T181500,2020-05-11T18:15:00+00:00,Monday,181500,False,
CAMHDA301-20200511T211500,2020-05-11T21:15:00+00:00,Monday,211500,False,
CAMHDA301-20200518T001500,2020-05-18T00:15:00+00:00,Monday,001500,False,
CAMHDA301-20200518T031500,2020-05-18T03:15:00+00:00,Monday,031500,False,
CAMHDA301-20200518T061500,2020-05-18T06:15:00+00:00,Monday,061500,False,
CAMHDA301-20200518T091500,2020-05-18T09:15:00+00:00,Monday,091500,False,
CAMHDA301-20200518T121500,2020-05-18T12:15:00+00:00,Monday,121500,False,
CAMHDA301-20200518T151500,2020-05-18T15:15:00+00:00,Monday,151500,False,
CAMHDA301-20200518T181500,2020-05-18T18:15:00+00:00,Monday,181500,False,
CAMHDA301-20200518T211500,2020-05-18T21:15:00+00:00,Monday,211500,False,
CAMHDA301-20200525T001500,2020-05-25T00:15:00+00:00,Monday,001500,False,
CAMHDA301-20200525T031500,2020-05-25T03:15:00+00:00,Monday,031500,False,
CAMHDA301-20200525T061500,2020-05-25T06:15:00+00:00,Monday,061500,False,
CAMHDA301-20200525T091500,2020-05-25T09:15:00+00:00,Monday,091500,False,
CAMHDA301-20200525T121500,2020-05-25T12:15:00+00:00,Monday,121500,False,
CAMHDA301-20200525T151500,2020-05-25T15:15:00+00:00,Monday,151500,False,
CAMHDA301-20200525T181500,2020-05-25T18:15:00+00:00,Monday,181500,False,
CAMHDA301-20200525T211500,2020-05-25T21:15:00+00:00,Monday,211500,False,
CAMHDA301-20200601T001500,2020-06-01T00:15:00+00:00,Monday,001500,False,
CAMHDA301-20200601T031500,2020-06-01T03:15:00+00:00,Monday,031500,False,
CAMHDA301-20200601T061500,2020-06-01T06:15:00+00:00,Monday,061500,False,
CAMHDA301-20200601T091500,2020-06-01T09:15:00+00:00,Monday,091500,False,
CAMHDA301-20200601T121500,2020-06-01T12:15:00+00:00,Monday,121500,False,
CAMHDA301-20200601T151500,2020-06-01T15:15:00+00:00,Monday,151500,False,
CAMHDA301-20200601T181500,2020-06-01T18:15:00+00:00,Monday,181500,False,
CAMHDA301-20200601T211500,2020-06-01T21:15:00+00:00,Monday,211500,False,
CAMHDA301-20200608T001500,2020-06-08T00:15:00+00:00,Monday,001500,False,
CAMHDA301-20200608T031500,2020-06-08T03:15:00+00:00,Monday,031500,False,
CAMHDA301-20200608T061500,2020-06-08T06:15:00+00:00,Monday,061500,False,
CAMHDA301-20200608T091500,2020-06-08T09:15:00+00:00,Monday,091500,False,
CAMHDA301-20200608T121500,2020-06-08T12:15:00+00:00,Monday,121500,False,
CAMHDA301-20200608T151500,2020-06-08T15:15:00+00:00,Monday,151500,False,
CAMHDA301-20200608T181500,2020-06-08T18:15:00+00:00,Monday,181500,False,
CAMHDA301-20200608T211500,2020-06-08T21:15:00+00:00,Monday,211500,False,
CAMHDA301-20200615T001500,2020-06-15T00:15:00+00:00,Monday,001500,False,
CAMHDA301-20200615T031500,2020-06-15T03:15:00+00:00,Monday,031500,False,
CAMHDA301-20200615T061500,2020-06-15T06:15:00+00:00,Monday,061500,False,
CAMHDA301-20200615T091500,2020-06-15T09:15:00+00:00,Monday,091500,False,
CAMHDA301-20200615T121500,2020-06-15T12:15:00+00:00,Monday,121500,False,
CAMHDA301-20200615T151500,2020-06-15T15:15:00+00:00,Monday,151500,False,
CAMHDA301-20200615T181500,2020-06-15T18:15:00+00:00,Monday,181500,False,
CAMHDA301-20200615T211500,2020-06-15T21:15:00+00:00,Monday,211500,False,
CAMHDA301-20200622T001500,2020-06-22T00:15:00+00:00,Monday,001500,False,
CAMHDA301-20200622T031500,2020-06-22T03:15:00+00:00,Monday,031500,False,
CAMHDA301-20200622T061500,2020-06-22T06:15:00+00:00,Monday,061500,False,
CAMHDA301-20200622T091500,2020-06-22T09:15:00+00:00,Monday,091500,False,
CAMHDA301-20200622T121500,2020-06-22T12:15:00+00:00,Monday,121500,False,
CAMHDA301-20200622T151500,2020-06-22T15:15:00+00:00,Monday,151500,False,
CAMHDA301-20200622T181500,2020-06-22T18:15:00+00:00,Monday,181500,False,
CAMHDA301-20200622T211500,2020-06-22T21:15:00+00:00,Monday,211500,False,
CAMHDA301-20200629T001500,2020-06-29T00:15:00+00:00,Monday,001500,False,
CAMHDA301-20200629T031500,2020-06-29T03:15:00+00:00,Monday,031500,False,
CAMHDA301-20200629T061500,2020-06-29T06:15:00+00:00,Monday,061500,False,
CAMHDA301-20200629T091500,2020-06-29T09:15:00+00:00,Monday,091500,False,
CAMHDA301-20200629T121500,2020-06-29T12:15:00+00:00,Monday,121500,False,
CAMHDA301-20200629T151500,2020-06-29T15:15:00+00:00,Monday,151500,False,
CAMHDA301-20200629T181500,2020-06-29T18:15:00+00:00,Monday,181500,False,
CAMHDA301-20200629T211500,2020-06-29T21:15:00+00:00,Monday,211500,False,
CAMHDA301-20200706T001500,2020-07-06T00:15:00+00:00,Monday,001500,False,
CAMHDA301-20200706T031500,2020-07-06T03:15:00+00:00,Monday,031500,False,
CAMHDA301-20200706T061500,2020-07-06T06:15:00+00:00,Monday,061500,False,
CAMHDA301-20200706T091500,2020-07-06T09:15:00+00:00,Monday,091500,False,
CAMHDA301-20200706T121500,2020-07-06T12:15:00+00:00,Monday,121500,False,
CAMHDA301-20200706T151500,2020-07-06T15:15:00+00:00,Monday,151500,False,
CAMHDA301-20200706T181500,2020-07-06T18:15:00+00:00,Monday,181500,False,
CAMHDA301-20200706T211500,2020-07-06T21:15:00+00:00,Monday,211500,False,
CAMHDA301-20200713T001500,2020-07-13T00:15:00+00:00,Monday,001500,False,
CAMHDA301-20200713T031500,2020-07-13T03:15:00+00:00,Monday,031500,False,
CAMHDA301-20200713T061500,2020-07-13T06:15:00+00:00,Monday,061500,False,
CAMHDA301-20200713T091500,2020-07-13T09:15:00+00:00,Monday,091500,False,
CAMHDA301-20200713T121500,2020-07-13T12:15:00+00:00,Monday,121500,False,
CAMHDA301-20200713T151500,2020-07-13T15:15:00+00:00,Monday,151500,False,
CAMHDA301-20200713T181500,2020-07-13T18:15:00+00:00,Monday,181500,False,
CAMHDA301-20200713T211500,2020-07-13T21:15:00+00:00,Monday,211500,False,
CAMHDA301-20200720T001500,2020-07-20T00:15:00+00:00,Monday,001500,False,
CAMHDA301-20200720T031500,2020-07-20T03:15:00+00:00,Monday,031500,False,
CAMHDA301-20200720T061500,2020-07-20T06:15:00+00:00,Monday,061500,False,
CAMHDA301-20200720T091500,2020-07-20T09:15:00+00:00,Monday,091500,False,
CAMHDA301-20200720T121500,2020-07-20T12:15:00+00:00,Monday,121500,False,
CAMHDA301-20200720T151500,2020-07-20T15:15:00+00:00,Monday,151500,False,
CAMHDA301-20200720T181500,2020-07-20T18:15:00+00:00,Monday,181500,False,
CAMHDA301-20200720T211500,2020-07-20T21:15:00+00:00,Monday,211500,False,
CAMHDA301-20200727T001500,2020-07-27T00:15:00+00:00,Monday,001500,False,
CAMHDA301-20200727T031500,2020-07-27T03:15:00+00:00,Monday,031500,False,
CAMHDA301-20200727T061500,2020-07-27T06:15:00+00:00,Monday,061500,False,
CAMHDA301-20200727T091500,2020-07-27T09:15:00+00:00,Monday,091500,False,
CAMHDA301-20200727T121500,2020-07-27T12:15:00+00:00,Monday,121500,False,
CAMHDA301-20200727T151500,2020-07-27T15:15:00+00:00,Monday,151500,False,
CAMHDA301-20200727T181500,2020-07-27T18:15:00+00:00,Monday,181500,False,
CAMHDA301-20200727T211500,2020-07-27T21:15:00+00:00,Monday,211500,False,
CAMHDA301-20200803T001500,2020-08-03T00:15:00+00:00,Monday,001500,False,
CAMHDA301-20200803T031500,2020-08-03T03:15:00+00:00,Monday,031500,False,
CAMHDA301-20200803T061500,2020-08-03T06:15:00+00:00,Monday,061500,False,
CAMHDA301-20200803T091500,2020-08-03T09:15:00+00:00,Monday,091500,False,
CAMHDA301-20200803T121500,2020-08-03T12:15:00+00:00,Monday,121500,False,
CAMHDA301-20200803T151500,2020-08-03T15:15:00+00:00,Monday,151500,False,
CAMHDA301-20200803T181500,2020-08-03T18:15:00+00:00,Monday,181500,False,
CAMHDA301-20200803T211500,2020-08-03T21:15:00+00:00,Monday,211500,False,
CAMHDA301-20200810T001500,2020-08-10T00:15:00+00:00,Monday,001500,False,
CAMHDA301-20200810T031500,2020-08-10T03:15:00+00:00,Monday,031500,False,
CAMHDA301-20200810T061500,2020-08-10T06:15:00+00:00,Monday,061500,False,
CAMHDA301-20200810T091500,2020-08-10T09:15:00+00:00,Monday,091500,False,
CAMHDA301-20200810T121500,2020-08-10T12:15:00+00:00,Monday,121500,False,
CAMHDA301-20200810T151500,2020-08-10T15:15:00+00:00,Monday,151500,False,
CAMHDA301-20200810T181500,2020-08-10T18:15:00+00:00,Monday,181500,False,
CAMHDA301-20200810T211500,2020-08-10T21:15:00+00:00,Monday,211500,False,
CAMHDA301-20200817T001500,2020-08-17T00:15:00+00:00,Monday,001500,False,
CAMHDA301-20200817T031500,2020-08-17T03:15:00+00:00,Monday,031500,False,
CAMHDA301-20200817T061500,2020-08-17T06:15:00+00:00,Monday,061500,False,
CAMHDA301-20200817T091500,2020-08-17T09:15:00+00:00,Monday,091500,False,
CAMHDA301-20200817T121500,2020-08-17T12:15:00+00:00,Monday,121500,False,
CAMHDA301-20200817T151500,2020-08-17T15:15:00+00:00,Monday,151500,False,
CAMHDA301-20200817T181500,2020-08-17T18:15:00+00:00,Monday,181500,False,
CAMHDA301-20200817T211500,2020-08-17T21:15:00+00:00,Monday,211500,False,
CAMHDA301-20200824T001500,2020-08-24T00:15:00+00:00,Monday,001500,True,scene_sorting/2019_2020/contact_sheets/CAMHDA301-20200824T001500.png
CAMHDA301-20200824T031500,2020-08-24T03:15:00+00:00,Monday,031500,True,scene_sorting/2019_2020/contact_sheets/CAMHDA301-20200824T031500.png
CAMHDA301-20200824T061500,2020-08-24T06:15:00+00:00,Monday,061500,True,scene_sorting/2019_2020/contact_sheets/CAMHDA301-20200824T061500.png
CAMHDA301-20200824T091500,2020-08-24T09:15:00+00:00,Monday,091500,True,scene_sorting/2019_2020/contact_sheets/CAMHDA301-20200824T091500.png
CAMHDA301-20200824T121500,2020-08-24T12:15:00+00:00,Monday,121500,True,scene_sorting/2019_2020/contact_sheets/CAMHDA301-20200824T121500.png
CAMHDA301-20200824T151500,2020-08-24T15:15:00+00:00,Monday,151500,True,scene_sorting/2019_2020/contact_sheets/CAMHDA301-20200824T151500.png
CAMHDA301-20200824T181500,2020-08-24T18:15:00+00:00,Monday,181500,True,scene_sorting/2019_2020/contact_sheets/CAMHDA301-20200824T181500.png
CAMHDA301-20200824T211500,2020-08-24T21:15:00+00:00,Monday,211500,True,scene_sorting/2019_2020/contact_sheets/CAMHDA301-20200824T211500.png
CAMHDA301-20200831T001500,2020-08-31T00:15:00+00:00,Monday,001500,True,scene_sorting/2019_2020/contact_sheets/CAMHDA301-20200831T001500.png
CAMHDA301-20200831T031500,2020-08-31T03:15:00+00:00,Monday,031500,True,scene_sorting/2019_2020/contact_sheets/CAMHDA301-20200831T031500.png
CAMHDA301-20200831T061500,2020-08-31T06:15:00+00:00,Monday,061500,True,scene_sorting/2019_2020/contact_sheets/CAMHDA301-20200831T061500.png
CAMHDA301-20200831T091500,2020-08-31T09:15:00+00:00,Monday,091500,True,scene_sorting/2019_2020/contact_sheets/CAMHDA301-20200831T091500.png
CAMHDA301-20200831T121500,2020-08-31T12:15:00+00:00,Monday,121500,True,scene_sorting/2019_2020/contact_sheets/CAMHDA301-20200831T121500.png
CAMHDA301-20200831T151500,2020-08-31T15:15:00+00:00,Monday,151500,True,scene_sorting/2019_2020/contact_sheets/CAMHDA301-20200831T151500.png
CAMHDA301-20200831T181500,2020-08-31T18:15:00+00:00,Monday,181500,True,scene_sorting/2019_2020/contact_sheets/CAMHDA301-20200831T181500.png
CAMHDA301-20200831T211500,2020-08-31T21:15:00+00:00,Monday,211500,True,scene_sorting/2019_2020/contact_sheets/CAMHDA301-20200831T211500.png
CAMHDA301-20200907T001500,2020-09-07T00:15:00+00:00,Monday,001500,True,scene_sorting/2019_2020/contact_sheets/CAMHDA301-20200907T001500.png
CAMHDA301-20200907T031500,2020-09-07T03:15:00+00:00,Monday,031500,True,scene_sorting/2019_2020/contact_sheets/CAMHDA301-20200907T031500.png
CAMHDA301-20200907T061500,2020-09-07T06:15:00+00:00,Monday,061500,True,scene_sorting/2019_2020/contact_sheets/CAMHDA301-20200907T061500.png
CAMHDA301-20200907T091500,2020-09-07T09:15:00+00:00,Monday,091500,True,scene_sorting/2019_2020/contact_sheets/CAMHDA301-20200907T091500.png
CAMHDA301-20200907T121500,2020-09-07T12:15:00+00:00,Monday,121500,True,scene_sorting/2019_2020/contact_sheets/CAMHDA301-20200907T121500.png
CAMHDA301-20200907T151500,2020-09-07T15:15:00+00:00,Monday,151500,True,scene_sorting/2019_2020/contact_sheets/CAMHDA301-20200907T151500.png
CAMHDA301-20200907T181500,2020-09-07T18:15:00+00:00,Monday,181500,True,scene_sorting/2019_2020/contact_sheets/CAMHDA301-20200907T181500.png
CAMHDA301-20200907T211500,2020-09-07T21:15:00+00:00,Monday,211500,True,scene_sorting/2019_2020/contact_sheets/CAMHDA301-20200907T211500.png
CAMHDA301-20200914T001500,2020-09-14T00:15:00+00:00,Monday,001500,True,scene_sorting/2019_2020/contact_sheets/CAMHDA301-20200914T001500.png
CAMHDA301-20200914T031500,2020-09-14T03:15:00+00:00,Monday,031500,True,scene_sorting/2019_2020/contact_sheets/CAMHDA301-20200914T031500.png
CAMHDA301-20200914T061500,2020-09-14T06:15:00+00:00,Monday,061500,True,scene_sorting/2019_2020/contact_sheets/CAMHDA301-20200914T061500.png
CAMHDA301-20200914T091500,2020-09-14T09:15:00+00:00,Monday,091500,True,scene_sorting/2019_2020/contact_sheets/CAMHDA301-20200914T091500.png
CAMHDA301-20200914T121500,2020-09-14T12:15:00+00:00,Monday,121500,True,scene_sorting/2019_2020/contact_sheets/CAMHDA301-20200914T121500.png
CAMHDA301-20200914T151500,2020-09-14T15:15:00+00:00,Monday,151500,True,scene_sorting/2019_2020/contact_sheets/CAMHDA301-20200914T151500.png
CAMHDA301-20200914T181500,2020-09-14T18:15:00+00:00,Monday,181500,True,scene_sorting/2019_2020/contact_sheets/CAMHDA301-20200914T181500.png
CAMHDA301-20200914T211500,2020-09-14T21:15:00+00:00,Monday,211500,True,scene_sorting/2019_2020/contact_sheets/CAMHDA301-20200914T211500.png
CAMHDA301-20200921T001500,2020-09-21T00:15:00+00:00,Monday,001500,True,scene_sorting/2019_2020/contact_sheets/CAMHDA301-20200921T001500.png
CAMHDA301-20200921T031500,2020-09-21T03:15:00+00:00,Monday,031500,True,scene_sorting/2019_2020/contact_sheets/CAMHDA301-20200921T031500.png
CAMHDA301-20200921T061500,2020-09-21T06:15:00+00:00,Monday,061500,True,scene_sorting/2019_2020/contact_sheets/CAMHDA301-20200921T061500.png
CAMHDA301-20200921T091500,2020-09-21T09:15:00+00:00,Monday,091500,True,scene_sorting/2019_2020/contact_sheets/CAMHDA301-20200921T091500.png
CAMHDA301-20200921T121500,2020-09-21T12:15:00+00:00,Monday,121500,True,scene_sorting/2019_2020/contact_sheets/CAMHDA301-20200921T121500.png
CAMHDA301-20200921T151500,2020-09-21T15:15:00+00:00,Monday,151500,True,scene_sorting/2019_2020/contact_sheets/CAMHDA301-20200921T151500.png
CAMHDA301-20200921T181500,2020-09-21T18:15:00+00:00,Monday,181500,True,scene_sorting/2019_2020/contact_sheets/CAMHDA301-20200921T181500.png
CAMHDA301-20200921T211500,2020-09-21T21:15:00+00:00,Monday,211500,False,
CAMHDA301-20200928T001500,2020-09-28T00:15:00+00:00,Monday,001500,True,scene_sorting/2019_2020/contact_sheets/CAMHDA301-20200928T001500.png
CAMHDA301-20200928T031500,2020-09-28T03:15:00+00:00,Monday,031500,True,scene_sorting/2019_2020/contact_sheets/CAMHDA301-20200928T031500.png
CAMHDA301-20200928T061500,2020-09-28T06:15:00+00:00,Monday,061500,True,scene_sorting/2019_2020/contact_sheets/CAMHDA301-20200928T061500.png
CAMHDA301-20200928T091500,2020-09-28T09:15:00+00:00,Monday,091500,True,scene_sorting/2019_2020/contact_sheets/CAMHDA301-20200928T091500.png
CAMHDA301-20200928T121500,2020-09-28T12:15:00+00:00,Monday,121500,True,scene_sorting/2019_2020/contact_sheets/CAMHDA301-20200928T121500.png
CAMHDA301-20200928T151500,2020-09-28T15:15:00+00:00,Monday,151500,True,scene_sorting/2019_2020/contact_sheets/CAMHDA301-20200928T151500.png
CAMHDA301-20200928T181500,2020-09-28T18:15:00+00:00,Monday,181500,True,scene_sorting/2019_2020/contact_sheets/CAMHDA301-20200928T181500.png
CAMHDA301-20200928T211500,2020-09-28T21:15:00+00:00,Monday,211500,True,scene_sorting/2019_2020/contact_sheets/CAMHDA301-20200928T211500.png
CAMHDA301-20201005T001500,2020-10-05T00:15:00+00:00,Monday,001500,True,scene_sorting/2019_2020/contact_sheets/CAMHDA301-20201005T001500.png
CAMHDA301-20201005T031500,2020-10-05T03:15:00+00:00,Monday,031500,True,scene_sorting/2019_2020/contact_sheets/CAMHDA301-20201005T031500.png
CAMHDA301-20201005T061500,2020-10-05T06:15:00+00:00,Monday,061500,True,scene_sorting/2019_2020/contact_sheets/CAMHDA301-20201005T061500.png
CAMHDA301-20201005T091500,2020-10-05T09:15:00+00:00,Monday,091500,True,scene_sorting/2019_2020/contact_sheets/CAMHDA301-20201005T091500.png
CAMHDA301-20201005T121500,2020-10-05T12:15:00+00:00,Monday,121500,True,scene_sorting/2019_2020/contact_sheets/CAMHDA301-20201005T121500.png
CAMHDA301-20201005T151500,2020-10-05T15:15:00+00:00,Monday,151500,True,scene_sorting/2019_2020/contact_sheets/CAMHDA301-20201005T151500.png
CAMHDA301-20201005T181500,2020-10-05T18:15:00+00:00,Monday,181500,True,scene_sorting/2019_2020/contact_sheets/CAMHDA301-20201005T181500.png
CAMHDA301-20201005T211500,2020-10-05T21:15:00+00:00,Monday,211500,True,scene_sorting/2019_2020/contact_sheets/CAMHDA301-20201005T211500.png
CAMHDA301-20201012T001500,2020-10-12T00:15:00+00:00,Monday,001500,True,scene_sorting/2019_2020/contact_sheets/CAMHDA301-20201012T001500.png
CAMHDA301-20201012T031500,2020-10-12T03:15:00+00:00,Monday,031500,True,scene_sorting/2019_2020/contact_sheets/CAMHDA301-20201012T031500.png
CAMHDA301-20201012T061500,2020-10-12T06:15:00+00:00,Monday,061500,True,scene_sorting/2019_2020/contact_sheets/CAMHDA301-20201012T061500.png
CAMHDA301-20201012T091500,2020-10-12T09:15:00+00:00,Monday,091500,True,scene_sorting/2019_2020/contact_sheets/CAMHDA301-20201012T091500.png
CAMHDA301-20201012T121500,2020-10-12T12:15:00+00:00,Monday,121500,True,scene_sorting/2019_2020/contact_sheets/CAMHDA301-20201012T121500.png
CAMHDA301-20201012T151500,2020-10-12T15:15:00+00:00,Monday,151500,True,scene_sorting/2019_2020/contact_sheets/CAMHDA301-20201012T151500.png
CAMHDA301-20201012T181500,2020-10-12T18:15:00+00:00,Monday,181500,True,scene_sorting/2019_2020/contact_sheets/CAMHDA301-20201012T181500.png
CAMHDA301-20201012T211500,2020-10-12T21:15:00+00:00,Monday,211500,True,scene_sorting/2019_2020/contact_sheets/CAMHDA301-20201012T211500.png
CAMHDA301-20201019T001500,2020-10-19T00:15:00+00:00,Monday,001500,True,scene_sorting/2019_2020/contact_sheets/CAMHDA301-20201019T001500.png
CAMHDA301-20201019T031500,2020-10-19T03:15:00+00:00,Monday,031500,True,scene_sorting/2019_2020/contact_sheets/CAMHDA301-20201019T031500.png
CAMHDA301-20201019T061500,2020-10-19T06:15:00+00:00,Monday,061500,True,scene_sorting/2019_2020/contact_sheets/CAMHDA301-20201019T061500.png
CAMHDA301-20201019T091500,2020-10-19T09:15:00+00:00,Monday,091500,True,scene_sorting/2019_2020/contact_sheets/CAMHDA301-20201019T091500.png
CAMHDA301-20201019T121500,2020-10-19T12:15:00+00:00,Monday,121500,True,scene_sorting/2019_2020/contact_sheets/CAMHDA301-20201019T121500.png
CAMHDA301-20201019T151500,2020-10-19T15:15:00+00:00,Monday,151500,True,scene_sorting/2019_2020/contact_sheets/CAMHDA301-20201019T151500.png
CAMHDA301-20201019T181500,2020-10-19T18:15:00+00:00,Monday,181500,True,scene_sorting/2019_2020/contact_sheets/CAMHDA301-20201019T181500.png
CAMHDA301-20201019T211500,2020-10-19T21:15:00+00:00,Monday,211500,True,scene_sorting/2019_2020/contact_sheets/CAMHDA301-20201019T211500.png
CAMHDA301-20201026T001500,2020-10-26T00:15:00+00:00,Monday,001500,True,scene_sorting/2019_2020/contact_sheets/CAMHDA301-20201026T001500.png
CAMHDA301-20201026T031500,2020-10-26T03:15:00+00:00,Monday,031500,True,scene_sorting/2019_2020/contact_sheets/CAMHDA301-20201026T031500.png
CAMHDA301-20201026T061500,2020-10-26T06:15:00+00:00,Monday,061500,True,scene_sorting/2019_2020/contact_sheets/CAMHDA301-20201026T061500.png
CAMHDA301-20201026T091500,2020-10-26T09:15:00+00:00,Monday,091500,True,scene_sorting/2019_2020/contact_sheets/CAMHDA301-20201026T091500.png
CAMHDA301-20201026T121500,2020-10-26T12:15:00+00:00,Monday,121500,True,scene_sorting/2019_2020/contact_sheets/CAMHDA301-20201026T121500.png
CAMHDA301-20201026T151500,2020-10-26T15:15:00+00:00,Monday,151500,True,scene_sorting/2019_2020/contact_sheets/CAMHDA301-20201026T151500.png
CAMHDA301-20201026T181500,2020-10-26T18:15:00+00:00,Monday,181500,True,scene_sorting/2019_2020/contact_sheets/CAMHDA301-20201026T181500.png
CAMHDA301-20201026T211500,2020-10-26T21:15:00+00:00,Monday,211500,True,scene_sorting/2019_2020/contact_sheets/CAMHDA301-20201026T211500.png
CAMHDA301-20201102T001500,2020-11-02T00:15:00+00:00,Monday,001500,True,scene_sorting/2019_2020/contact_sheets/CAMHDA301-20201102T001500.png
CAMHDA301-20201102T031500,2020-11-02T03:15:00+00:00,Monday,031500,True,scene_sorting/2019_2020/contact_sheets/CAMHDA301-20201102T031500.png
CAMHDA301-20201102T061500,2020-11-02T06:15:00+00:00,Monday,061500,True,scene_sorting/2019_2020/contact_sheets/CAMHDA301-20201102T061500.png
CAMHDA301-20201102T091500,2020-11-02T09:15:00+00:00,Monday,091500,True,scene_sorting/2019_2020/contact_sheets/CAMHDA301-20201102T091500.png
CAMHDA301-20201102T121500,2020-11-02T12:15:00+00:00,Monday,121500,True,scene_sorting/2019_2020/contact_sheets/CAMHDA301-20201102T121500.png
CAMHDA301-20201102T151500,2020-11-02T15:15:00+00:00,Monday,151500,True,scene_sorting/2019_2020/contact_sheets/CAMHDA301-20201102T151500.png
CAMHDA301-20201102T181500,2020-11-02T18:15:00+00:00,Monday,181500,True,scene_sorting/2019_2020/contact_sheets/CAMHDA301-20201102T181500.png
CAMHDA301-20201102T211500,2020-11-02T21:15:00+00:00,Monday,211500,True,scene_sorting/2019_2020/contact_sheets/CAMHDA301-20201102T211500.png
CAMHDA301-20201109T001500,2020-11-09T00:15:00+00:00,Monday,001500,True,scene_sorting/2019_2020/contact_sheets/CAMHDA301-20201109T001500.png
CAMHDA301-20201109T031500,2020-11-09T03:15:00+00:00,Monday,031500,True,scene_sorting/2019_2020/contact_sheets/CAMHDA301-20201109T031500.png
CAMHDA301-20201109T061500,2020-11-09T06:15:00+00:00,Monday,061500,True,scene_sorting/2019_2020/contact_sheets/CAMHDA301-20201109T061500.png
CAMHDA301-20201109T091500,2020-11-09T09:15:00+00:00,Monday,091500,True,scene_sorting/2019_2020/contact_sheets/CAMHDA301-20201109T091500.png
CAMHDA301-20201109T121500,2020-11-09T12:15:00+00:00,Monday,121500,True,scene_sorting/2019_2020/contact_sheets/CAMHDA301-20201109T121500.png
CAMHDA301-20201109T151500,2020-11-09T15:15:00+00:00,Monday,151500,True,scene_sorting/2019_2020/contact_sheets/CAMHDA301-20201109T151500.png
CAMHDA301-20201109T181500,2020-11-09T18:15:00+00:00,Monday,181500,True,scene_sorting/2019_2020/contact_sheets/CAMHDA301-20201109T181500.png
CAMHDA301-20201109T211500,2020-11-09T21:15:00+00:00,Monday,211500,True,scene_sorting/2019_2020/contact_sheets/CAMHDA301-20201109T211500.png
CAMHDA301-20201116T001500,2020-11-16T00:15:00+00:00,Monday,001500,True,scene_sorting/2019_2020/contact_sheets/CAMHDA301-20201116T001500.png
CAMHDA301-20201116T031500,2020-11-16T03:15:00+00:00,Monday,031500,True,scene_sorting/2019_2020/contact_sheets/CAMHDA301-20201116T031500.png
CAMHDA301-20201116T061500,2020-11-16T06:15:00+00:00,Monday,061500,True,scene_sorting/2019_2020/contact_sheets/CAMHDA301-20201116T061500.png
CAMHDA301-20201116T091500,2020-11-16T09:15:00+00:00,Monday,091500,True,scene_sorting/2019_2020/contact_sheets/CAMHDA301-20201116T091500.png
CAMHDA301-20201116T121500,2020-11-16T12:15:00+00:00,Monday,121500,True,scene_sorting/2019_2020/contact_sheets/CAMHDA301-20201116T121500.png
CAMHDA301-20201116T151500,2020-11-16T15:15:00+00:00,Monday,151500,True,scene_sorting/2019_2020/contact_sheets/CAMHDA301-20201116T151500.png
CAMHDA301-20201116T181500,2020-11-16T18:15:00+00:00,Monday,181500,True,scene_sorting/2019_2020/contact_sheets/CAMHDA301-20201116T181500.png
CAMHDA301-20201116T211500,2020-11-16T21:15:00+00:00,Monday,211500,True,scene_sorting/2019_2020/contact_sheets/CAMHDA301-20201116T211500.png
CAMHDA301-20201123T001500,2020-11-23T00:15:00+00:00,Monday,001500,True,scene_sorting/2019_2020/contact_sheets/CAMHDA301-20201123T001500.png
CAMHDA301-20201123T031500,2020-11-23T03:15:00+00:00,Monday,031500,True,scene_sorting/2019_2020/contact_sheets/CAMHDA301-20201123T031500.png
CAMHDA301-20201123T061500,2020-11-23T06:15:00+00:00,Monday,061500,True,scene_sorting/2019_2020/contact_sheets/CAMHDA301-20201123T061500.png
CAMHDA301-20201123T091500,2020-11-23T09:15:00+00:00,Monday,091500,True,scene_sorting/2019_2020/contact_sheets/CAMHDA301-20201123T091500.png
CAMHDA301-20201123T121500,2020-11-23T12:15:00+00:00,Monday,121500,True,scene_sorting/2019_2020/contact_sheets/CAMHDA301-20201123T121500.png
CAMHDA301-20201123T151500,2020-11-23T15:15:00+00:00,Monday,151500,True,scene_sorting/2019_2020/contact_sheets/CAMHDA301-20201123T151500.png
CAMHDA301-20201123T181500,2020-11-23T18:15:00+00:00,Monday,181500,True,scene_sorting/2019_2020/contact_sheets/CAMHDA301-20201123T181500.png
CAMHDA301-20201123T211500,2020-11-23T21:15:00+00:00,Monday,211500,True,scene_sorting/2019_2020/contact_sheets/CAMHDA301-20201123T211500.png
CAMHDA301-20201130T001500,2020-11-30T00:15:00+00:00,Monday,001500,True,scene_sorting/2019_2020/contact_sheets/CAMHDA301-20201130T001500.png
CAMHDA301-20201130T031500,2020-11-30T03:15:00+00:00,Monday,031500,True,scene_sorting/2019_2020/contact_sheets/CAMHDA301-20201130T031500.png
CAMHDA301-20201130T061500,2020-11-30T06:15:00+00:00,Monday,061500,True,scene_sorting/2019_2020/contact_sheets/CAMHDA301-20201130T061500.png
CAMHDA301-20201130T091500,2020-11-30T09:15:00+00:00,Monday,091500,True,scene_sorting/2019_2020/contact_sheets/CAMHDA301-20201130T091500.png
CAMHDA301-20201130T121500,2020-11-30T12:15:00+00:00,Monday,121500,True,scene_sorting/2019_2020/contact_sheets/CAMHDA301-20201130T121500.png
CAMHDA301-20201130T151500,2020-11-30T15:15:00+00:00,Monday,151500,True,scene_sorting/2019_2020/contact_sheets/CAMHDA301-20201130T151500.png
CAMHDA301-20201130T181500,2020-11-30T18:15:00+00:00,Monday,181500,True,scene_sorting/2019_2020/contact_sheets/CAMHDA301-20201130T181500.png
CAMHDA301-20201130T211500,2020-11-30T21:15:00+00:00,Monday,211500,True,scene_sorting/2019_2020/contact_sheets/CAMHDA301-20201130T211500.png
CAMHDA301-20201207T001500,2020-12-07T00:15:00+00:00,Monday,001500,True,scene_sorting/2019_2020/contact_sheets/CAMHDA301-20201207T001500.png
CAMHDA301-20201207T031500,2020-12-07T03:15:00+00:00,Monday,031500,True,scene_sorting/2019_2020/contact_sheets/CAMHDA301-20201207T031500.png
CAMHDA301-20201207T061500,2020-12-07T06:15:00+00:00,Monday,061500,True,scene_sorting/2019_2020/contact_sheets/CAMHDA301-20201207T061500.png
CAMHDA301-20201207T091500,2020-12-07T09:15:00+00:00,Monday,091500,True,scene_sorting/2019_2020/contact_sheets/CAMHDA301-20201207T091500.png
CAMHDA301-20201207T121500,2020-12-07T12:15:00+00:00,Monday,121500,True,scene_sorting/2019_2020/contact_sheets/CAMHDA301-20201207T121500.png
CAMHDA301-20201207T151500,2020-12-07T15:15:00+00:00,Monday,151500,True,scene_sorting/2019_2020/contact_sheets/CAMHDA301-20201207T151500.png
CAMHDA301-20201207T181500,2020-12-07T18:15:00+00:00,Monday,181500,True,scene_sorting/2019_2020/contact_sheets/CAMHDA301-20201207T181500.png
CAMHDA301-20201207T211500,2020-12-07T21:15:00+00:00,Monday,211500,True,scene_sorting/2019_2020/contact_sheets/CAMHDA301-20201207T211500.png
CAMHDA301-20201214T001500,2020-12-14T00:15:00+00:00,Monday,001500,True,scene_sorting/2019_2020/contact_sheets/CAMHDA301-20201214T001500.png
CAMHDA301-20201214T031500,2020-12-14T03:15:00+00:00,Monday,031500,True,scene_sorting/2019_2020/contact_sheets/CAMHDA301-20201214T031500.png
CAMHDA301-20201214T061500,2020-12-14T06:15:00+00:00,Monday,061500,True,scene_sorting/2019_2020/contact_sheets/CAMHDA301-20201214T061500.png
CAMHDA301-20201214T091500,2020-12-14T09:15:00+00:00,Monday,091500,True,scene_sorting/2019_2020/contact_sheets/CAMHDA301-20201214T091500.png
CAMHDA301-20201214T121500,2020-12-14T12:15:00+00:00,Monday,121500,True,scene_sorting/2019_2020/contact_sheets/CAMHDA301-20201214T121500.png
CAMHDA301-20201214T151500,2020-12-14T15:15:00+00:00,Monday,151500,True,scene_sorting/2019_2020/contact_sheets/CAMHDA301-20201214T151500.png
CAMHDA301-20201214T181500,2020-12-14T18:15:00+00:00,Monday,181500,True,scene_sorting/2019_2020/contact_sheets/CAMHDA301-20201214T181500.png
CAMHDA301-20201214T211500,2020-12-14T21:15:00+00:00,Monday,211500,True,scene_sorting/2019_2020/contact_sheets/CAMHDA301-20201214T211500.png
CAMHDA301-20201221T001500,2020-12-21T00:15:00+00:00,Monday,001500,True,scene_sorting/2019_2020/contact_sheets/CAMHDA301-20201221T001500.png
CAMHDA301-20201221T031500,2020-12-21T03:15:00+00:00,Monday,031500,True,scene_sorting/2019_2020/contact_sheets/CAMHDA301-20201221T031500.png
CAMHDA301-20201221T061500,2020-12-21T06:15:00+00:00,Monday,061500,True,scene_sorting/2019_2020/contact_sheets/CAMHDA301-20201221T061500.png
CAMHDA301-20201221T091500,2020-12-21T09:15:00+00:00,Monday,091500,True,scene_sorting/2019_2020/contact_sheets/CAMHDA301-20201221T091500.png
CAMHDA301-20201221T121500,2020-12-21T12:15:00+00:00,Monday,121500,True,scene_sorting/2019_2020/contact_sheets/CAMHDA301-20201221T121500.png
CAMHDA301-20201221T151500,2020-12-21T15:15:00+00:00,Monday,151500,True,scene_sorting/2019_2020/contact_sheets/CAMHDA301-20201221T151500.png
CAMHDA301-20201221T181500,2020-12-21T18:15:00+00:00,Monday,181500,True,scene_sorting/2019_2020/contact_sheets/CAMHDA301-20201221T181500.png
CAMHDA301-20201221T211500,2020-12-21T21:15:00+00:00,Monday,211500,True,scene_sorting/2019_2020/contact_sheets/CAMHDA301-20201221T211500.png
CAMHDA301-20201228T001500,2020-12-28T00:15:00+00:00,Monday,001500,True,scene_sorting/2019_2020/contact_sheets/CAMHDA301-20201228T001500.png
CAMHDA301-20201228T031500,2020-12-28T03:15:00+00:00,Monday,031500,True,scene_sorting/2019_2020/contact_sheets/CAMHDA301-20201228T031500.png
CAMHDA301-20201228T061500,2020-12-28T06:15:00+00:00,Monday,061500,True,scene_sorting/2019_2020/contact_sheets/CAMHDA301-20201228T061500.png
CAMHDA301-20201228T091500,2020-12-28T09:15:00+00:00,Monday,091500,True,scene_sorting/2019_2020/contact_sheets/CAMHDA301-20201228T091500.png
CAMHDA301-20201228T121500,2020-12-28T12:15:00+00:00,Monday,121500,True,scene_sorting/2019_2020/contact_sheets/CAMHDA301-20201228T121500.png
CAMHDA301-20201228T151500,2020-12-28T15:15:00+00:00,Monday,151500,True,scene_sorting/2019_2020/contact_sheets/CAMHDA301-20201228T151500.png
CAMHDA301-20201228T181500,2020-12-28T18:15:00+00:00,Monday,181500,True,scene_sorting/2019_2020/contact_sheets/CAMHDA301-20201228T181500.png
CAMHDA301-20201228T211500,2020-12-28T21:15:00+00:00,Monday,211500,True,scene_sorting/2019_2020/contact_sheets/CAMHDA301-20201228T211500.png
