epoch,train_loss,val_f1,val_precision,val_recall,val_auc,val_thr
1,0.4368921738924931,0.8213552361396305,0.819672131147541,0.823045267489712,0.9662057209715161,0.9574692249298096
2,0.3551008497877754,0.8592870544090057,0.7896551724137931,0.9423868312757202,0.9748043250221899,0.7073834538459778
3,0.32889252071746056,0.8333333333333334,0.8666666666666667,0.8024691358024691,0.9717935528120714,0.9789553880691528
4,0.3097865524814188,0.8752556237218814,0.8699186991869918,0.8806584362139918,0.9784807956104252,0.8937742114067078
5,0.3253194075241554,0.8930817610062893,0.9102564102564102,0.8765432098765432,0.9842047930283224,0.83844393491745
6,0.2955272875601153,0.8861788617886179,0.8755020080321285,0.897119341563786,0.9824648995400629,0.8910595178604126
7,0.29470764840249536,0.8856548856548857,0.8949579831932774,0.8765432098765432,0.9838618575002017,0.8832718133926392
8,0.273910382966534,0.7992766726943943,0.7129032258064516,0.9094650205761317,0.9646120793996611,0.9861246347427368
9,0.2777495343121979,0.8745098039215687,0.8352059925093633,0.9176954732510288,0.9791061486322924,0.9391986727714539
10,0.26819724799822464,0.9090909090909091,0.958904109589041,0.8641975308641975,0.9900498265149681,0.6041685342788696
11,0.27040869754841096,0.9212121212121211,0.9047619047619048,0.9382716049382716,0.9854151537158073,0.8651401996612549
12,0.25536363907188153,0.8806584362139918,0.8806584362139918,0.8806584362139918,0.9848452755587832,0.9948586225509644
13,0.2703235696355025,0.8916155419222903,0.8861788617886179,0.897119341563786,0.9847141531509723,0.9819285869598389
14,0.25172103214845193,0.9113924050632912,0.935064935064935,0.8888888888888888,0.9903473735173082,0.7303661704063416
15,0.25097026599111033,0.9049586776859505,0.9087136929460581,0.9012345679012346,0.9864187444525135,0.9731357097625732
16,0.2207945846586967,0.9296875,0.8847583643122676,0.9794238683127572,0.9919410150891632,0.7856369614601135
17,0.23291613577569512,0.9156626506024096,0.8941176470588236,0.9382716049382716,0.9913358347454208,0.4507162272930145
18,0.221461755099247,0.9059829059829061,0.9422222222222222,0.8724279835390947,0.9883855805696764,0.9969847798347473
19,0.2247583764217359,0.9166666666666666,0.8850574712643678,0.9506172839506173,0.9911391511337045,0.7993868589401245
20,0.2250284234658896,0.9308943089430896,0.9196787148594378,0.9423868312757202,0.9929244331477447,0.804811418056488
21,0.19515162639671282,0.9108527131782945,0.8608058608058609,0.9670781893004116,0.9897321068345033,0.920136570930481
22,0.20347820349829757,0.93446088794926,0.9608695652173913,0.9094650205761317,0.990639877350117,0.9526082277297974
23,0.1960007502711553,0.9452332657200813,0.932,0.9588477366255144,0.994442427176632,0.9105455875396729
24,0.1794582051839188,0.9132231404958676,0.91701244813278,0.9094650205761317,0.9916031227305737,0.5164561867713928
25,0.1754926337445859,0.9570552147239264,0.9512195121951219,0.9629629629629629,0.9964243928023885,0.8054347634315491
26,0.2060015958657177,0.9611451942740287,0.9552845528455285,0.9670781893004116,0.9943970386508513,0.908327579498291
27,0.2014472501741039,0.9152542372881356,0.9432314410480349,0.8888888888888888,0.9925058500766561,0.9416700601577759
28,0.1934188492923713,0.9118773946360152,0.8530465949820788,0.9794238683127572,0.9910181150649561,0.6137085556983948
29,0.17674030369515423,0.9535353535353536,0.9365079365079365,0.9711934156378601,0.9942407003953845,0.8553382158279419
30,0.19390414711192167,0.9390243902439024,0.927710843373494,0.9506172839506173,0.9939078512063262,0.8254051804542542
31,0.18603196491202195,0.9338677354709419,0.91015625,0.9588477366255144,0.9939128943758574,0.9731191396713257
32,0.17883340608206488,0.952965235173824,0.9471544715447154,0.9588477366255144,0.9954107157266199,0.91374671459198
33,0.18904081531327596,0.9440000000000001,0.9182879377431906,0.9711934156378601,0.9940894053094489,0.8394048810005188
34,0.1867703858295457,0.9313929313929314,0.9411764705882353,0.9218106995884774,0.9920620511579117,0.9839774966239929
