stem,utc_datetime,weekday,slot,video_exists,sheet_path,year,stratum
CAMHDA301-20230102T091500,2023-01-02T09:15:00+00:00,Monday,091500,True,/home/jovyan/scaleworm-student-lab/scene_sorting/full_2023_2024/contact_sheets/CAMHDA301-20230102T091500.png,2023,2023_091500
CAMHDA301-20230220T001500,2023-02-20T00:15:00+00:00,Monday,001500,True,/home/jovyan/scaleworm-student-lab/scene_sorting/full_2023_2024/contact_sheets/CAMHDA301-20230220T001500.png,2023,2023_001500
CAMHDA301-20230313T121500,2023-03-13T12:15:00+00:00,Monday,121500,True,/home/jovyan/scaleworm-student-lab/scene_sorting/full_2023_2024/contact_sheets/CAMHDA301-20230313T121500.png,2023,2023_121500
CAMHDA301-20230320T001500,2023-03-20T00:15:00+00:00,Monday,001500,True,/home/jovyan/scaleworm-student-lab/scene_sorting/full_2023_2024/contact_sheets/CAMHDA301-20230320T001500.png,2023,2023_001500
CAMHDA301-20230320T211500,2023-03-20T21:15:00+00:00,Monday,211500,True,/home/jovyan/scaleworm-student-lab/scene_sorting/full_2023_2024/contact_sheets/CAMHDA301-20230320T211500.png,2023,2023_211500
CAMHDA301-20230417T121500,2023-04-17T12:15:00+00:00,Monday,121500,True,/home/jovyan/scaleworm-student-lab/scene_sorting/full_2023_2024/contact_sheets/CAMHDA301-20230417T121500.png,2023,2023_121500
CAMHDA301-20230501T031500,2023-05-01T03:15:00+00:00,Monday,031500,True,/home/jovyan/scaleworm-student-lab/scene_sorting/full_2023_2024/contact_sheets/CAMHDA301-20230501T031500.png,2023,2023_031500
CAMHDA301-20230508T121500,2023-05-08T12:15:00+00:00,Monday,121500,True,/home/jovyan/scaleworm-student-lab/scene_sorting/full_2023_2024/contact_sheets/CAMHDA301-20230508T121500.png,2023,2023_121500
CAMHDA301-20230515T031500,2023-05-15T03:15:00+00:00,Monday,031500,True,/home/jovyan/scaleworm-student-lab/scene_sorting/full_2023_2024/contact_sheets/CAMHDA301-20230515T031500.png,2023,2023_031500
CAMHDA301-20230515T151500,2023-05-15T15:15:00+00:00,Monday,151500,True,/home/jovyan/scaleworm-student-lab/scene_sorting/full_2023_2024/contact_sheets/CAMHDA301-20230515T151500.png,2023,2023_151500
CAMHDA301-20230529T001500,2023-05-29T00:15:00+00:00,Monday,001500,True,/home/jovyan/scaleworm-student-lab/scene_sorting/full_2023_2024/contact_sheets/CAMHDA301-20230529T001500.png,2023,2023_001500
CAMHDA301-20230529T091500,2023-05-29T09:15:00+00:00,Monday,091500,True,/home/jovyan/scaleworm-student-lab/scene_sorting/full_2023_2024/contact_sheets/CAMHDA301-20230529T091500.png,2023,2023_091500
CAMHDA301-20230619T181500,2023-06-19T18:15:00+00:00,Monday,181500,True,/home/jovyan/scaleworm-student-lab/scene_sorting/full_2023_2024/contact_sheets/CAMHDA301-20230619T181500.png,2023,2023_181500
CAMHDA301-20230626T061500,2023-06-26T06:15:00+00:00,Monday,061500,True,/home/jovyan/scaleworm-student-lab/scene_sorting/full_2023_2024/contact_sheets/CAMHDA301-20230626T061500.png,2023,2023_061500
CAMHDA301-20230626T091500,2023-06-26T09:15:00+00:00,Monday,091500,True,/home/jovyan/scaleworm-student-lab/scene_sorting/full_2023_2024/contact_sheets/CAMHDA301-20230626T091500.png,2023,2023_091500
CAMHDA301-20230703T031500,2023-07-03T03:15:00+00:00,Monday,031500,True,/home/jovyan/scaleworm-student-lab/scene_sorting/full_2023_2024/contact_sheets/CAMHDA301-20230703T031500.png,2023,2023_031500
CAMHDA301-20230703T151500,2023-07-03T15:15:00+00:00,Monday,151500,True,/home/jovyan/scaleworm-student-lab/scene_sorting/full_2023_2024/contact_sheets/CAMHDA301-20230703T151500.png,2023,2023_151500
CAMHDA301-20230710T091500,2023-07-10T09:15:00+00:00,Monday,091500,True,/home/jovyan/scaleworm-student-lab/scene_sorting/full_2023_2024/contact_sheets/CAMHDA301-20230710T091500.png,2023,2023_091500
CAMHDA301-20230710T151500,2023-07-10T15:15:00+00:00,Monday,151500,True,/home/jovyan/scaleworm-student-lab/scene_sorting/full_2023_2024/contact_sheets/CAMHDA301-20230710T151500.png,2023,2023_151500
CAMHDA301-20230717T181500,2023-07-17T18:15:00+00:00,Monday,181500,True,/home/jovyan/scaleworm-student-lab/scene_sorting/full_2023_2024/contact_sheets/CAMHDA301-20230717T181500.png,2023,2023_181500
CAMHDA301-20230724T181500,2023-07-24T18:15:00+00:00,Monday,181500,True,/home/jovyan/scaleworm-student-lab/scene_sorting/full_2023_2024/contact_sheets/CAMHDA301-20230724T181500.png,2023,2023_181500
CAMHDA301-20230828T031500,2023-08-28T03:15:00+00:00,Monday,031500,True,/home/jovyan/scaleworm-student-lab/scene_sorting/full_2023_2024/contact_sheets/CAMHDA301-20230828T031500.png,2023,2023_031500
CAMHDA301-20230904T091500,2023-09-04T09:15:00+00:00,Monday,091500,True,/home/jovyan/scaleworm-student-lab/scene_sorting/full_2023_2024/contact_sheets/CAMHDA301-20230904T091500.png,2023,2023_091500
CAMHDA301-20230904T211500,2023-09-04T21:15:00+00:00,Monday,211500,True,/home/jovyan/scaleworm-student-lab/scene_sorting/full_2023_2024/contact_sheets/CAMHDA301-20230904T211500.png,2023,2023_211500
CAMHDA301-20230911T061500,2023-09-11T06:15:00+00:00,Monday,061500,True,/home/jovyan/scaleworm-student-lab/scene_sorting/full_2023_2024/contact_sheets/CAMHDA301-20230911T061500.png,2023,2023_061500
CAMHDA301-20230918T061500,2023-09-18T06:15:00+00:00,Monday,061500,True,/home/jovyan/scaleworm-student-lab/scene_sorting/full_2023_2024/contact_sheets/CAMHDA301-20230918T061500.png,2023,2023_061500
CAMHDA301-20230918T151500,2023-09-18T15:15:00+00:00,Monday,151500,True,/home/jovyan/scaleworm-student-lab/scene_sorting/full_2023_2024/contact_sheets/CAMHDA301-20230918T151500.png,2023,2023_151500
CAMHDA301-20230918T211500,2023-09-18T21:15:00+00:00,Monday,211500,True,/home/jovyan/scaleworm-student-lab/scene_sorting/full_2023_2024/contact_sheets/CAMHDA301-20230918T211500.png,2023,2023_211500
CAMHDA301-20230925T151500,2023-09-25T15:15:00+00:00,Monday,151500,True,/home/jovyan/scaleworm-student-lab/scene_sorting/full_2023_2024/contact_sheets/CAMHDA301-20230925T151500.png,2023,2023_151500
CAMHDA301-20230925T211500,2023-09-25T21:15:00+00:00,Monday,211500,True,/home/jovyan/scaleworm-student-lab/scene_sorting/full_2023_2024/contact_sheets/CAMHDA301-20230925T211500.png,2023,2023_211500
CAMHDA301-20231002T181500,2023-10-02T18:15:00+00:00,Monday,181500,True,/home/jovyan/scaleworm-student-lab/scene_sorting/full_2023_2024/contact_sheets/CAMHDA301-20231002T181500.png,2023,2023_181500
CAMHDA301-20231016T031500,2023-10-16T03:15:00+00:00,Monday,031500,True,/home/jovyan/scaleworm-student-lab/scene_sorting/full_2023_2024/contact_sheets/CAMHDA301-20231016T031500.png,2023,2023_031500
CAMHDA301-20231023T121500,2023-10-23T12:15:00+00:00,Monday,121500,True,/home/jovyan/scaleworm-student-lab/scene_sorting/full_2023_2024/contact_sheets/CAMHDA301-20231023T121500.png,2023,2023_121500
CAMHDA301-20231023T181500,2023-10-23T18:15:00+00:00,Monday,181500,True,/home/jovyan/scaleworm-student-lab/scene_sorting/full_2023_2024/contact_sheets/CAMHDA301-20231023T181500.png,2023,2023_181500
CAMHDA301-20231023T211500,2023-10-23T21:15:00+00:00,Monday,211500,True,/home/jovyan/scaleworm-student-lab/scene_sorting/full_2023_2024/contact_sheets/CAMHDA301-20231023T211500.png,2023,2023_211500
CAMHDA301-20231106T121500,2023-11-06T12:15:00+00:00,Monday,121500,True,/home/jovyan/scaleworm-student-lab/scene_sorting/full_2023_2024/contact_sheets/CAMHDA301-20231106T121500.png,2023,2023_121500
CAMHDA301-20231113T001500,2023-11-13T00:15:00+00:00,Monday,001500,True,/home/jovyan/scaleworm-student-lab/scene_sorting/full_2023_2024/contact_sheets/CAMHDA301-20231113T001500.png,2023,2023_001500
CAMHDA301-20231113T061500,2023-11-13T06:15:00+00:00,Monday,061500,True,/home/jovyan/scaleworm-student-lab/scene_sorting/full_2023_2024/contact_sheets/CAMHDA301-20231113T061500.png,2023,2023_061500
CAMHDA301-20231218T001500,2023-12-18T00:15:00+00:00,Monday,001500,True,/home/jovyan/scaleworm-student-lab/scene_sorting/full_2023_2024/contact_sheets/CAMHDA301-20231218T001500.png,2023,2023_001500
CAMHDA301-20231225T061500,2023-12-25T06:15:00+00:00,Monday,061500,True,/home/jovyan/scaleworm-student-lab/scene_sorting/full_2023_2024/contact_sheets/CAMHDA301-20231225T061500.png,2023,2023_061500
CAMHDA301-20240101T121500,2024-01-01T12:15:00+00:00,Monday,121500,True,/home/jovyan/scaleworm-student-lab/scene_sorting/full_2023_2024/contact_sheets/CAMHDA301-20240101T121500.png,2024,2024_121500
CAMHDA301-20240101T151500,2024-01-01T15:15:00+00:00,Monday,151500,True,/home/jovyan/scaleworm-student-lab/scene_sorting/full_2023_2024/contact_sheets/CAMHDA301-20240101T151500.png,2024,2024_151500
CAMHDA301-20240115T151500,2024-01-15T15:15:00+00:00,Monday,151500,True,/home/jovyan/scaleworm-student-lab/scene_sorting/full_2023_2024/contact_sheets/CAMHDA301-20240115T151500.png,2024,2024_151500
CAMHDA301-20240122T001500,2024-01-22T00:15:00+00:00,Monday,001500,True,/home/jovyan/scaleworm-student-lab/scene_sorting/full_2023_2024/contact_sheets/CAMHDA301-20240122T001500.png,2024,2024_001500
CAMHDA301-20240219T061500,2024-02-19T06:15:00+00:00,Monday,061500,True,/home/jovyan/scaleworm-student-lab/scene_sorting/full_2023_2024/contact_sheets/CAMHDA301-20240219T061500.png,2024,2024_061500
CAMHDA301-20240219T121500,2024-02-19T12:15:00+00:00,Monday,121500,True,/home/jovyan/scaleworm-student-lab/scene_sorting/full_2023_2024/contact_sheets/CAMHDA301-20240219T121500.png,2024,2024_121500
CAMHDA301-20240219T181500,2024-02-19T18:15:00+00:00,Monday,181500,True,/home/jovyan/scaleworm-student-lab/scene_sorting/full_2023_2024/contact_sheets/CAMHDA301-20240219T181500.png,2024,2024_181500
CAMHDA301-20240318T001500,2024-03-18T00:15:00+00:00,Monday,001500,True,/home/jovyan/scaleworm-student-lab/scene_sorting/full_2023_2024/contact_sheets/CAMHDA301-20240318T001500.png,2024,2024_001500
CAMHDA301-20240325T031500,2024-03-25T03:15:00+00:00,Monday,031500,True,/home/jovyan/scaleworm-student-lab/scene_sorting/full_2023_2024/contact_sheets/CAMHDA301-20240325T031500.png,2024,2024_031500
CAMHDA301-20240401T091500,2024-04-01T09:15:00+00:00,Monday,091500,True,/home/jovyan/scaleworm-student-lab/scene_sorting/full_2023_2024/contact_sheets/CAMHDA301-20240401T091500.png,2024,2024_091500
CAMHDA301-20240401T211500,2024-04-01T21:15:00+00:00,Monday,211500,True,/home/jovyan/scaleworm-student-lab/scene_sorting/full_2023_2024/contact_sheets/CAMHDA301-20240401T211500.png,2024,2024_211500
CAMHDA301-20240422T091500,2024-04-22T09:15:00+00:00,Monday,091500,True,/home/jovyan/scaleworm-student-lab/scene_sorting/full_2023_2024/contact_sheets/CAMHDA301-20240422T091500.png,2024,2024_091500
CAMHDA301-20240422T211500,2024-04-22T21:15:00+00:00,Monday,211500,True,/home/jovyan/scaleworm-student-lab/scene_sorting/full_2023_2024/contact_sheets/CAMHDA301-20240422T211500.png,2024,2024_211500
CAMHDA301-20240429T061500,2024-04-29T06:15:00+00:00,Monday,061500,True,/home/jovyan/scaleworm-student-lab/scene_sorting/full_2023_2024/contact_sheets/CAMHDA301-20240429T061500.png,2024,2024_061500
CAMHDA301-20240429T151500,2024-04-29T15:15:00+00:00,Monday,151500,True,/home/jovyan/scaleworm-student-lab/scene_sorting/full_2023_2024/contact_sheets/CAMHDA301-20240429T151500.png,2024,2024_151500
CAMHDA301-20240506T061500,2024-05-06T06:15:00+00:00,Monday,061500,True,/home/jovyan/scaleworm-student-lab/scene_sorting/full_2023_2024/contact_sheets/CAMHDA301-20240506T061500.png,2024,2024_061500
CAMHDA301-20240513T091500,2024-05-13T09:15:00+00:00,Monday,091500,True,/home/jovyan/scaleworm-student-lab/scene_sorting/full_2023_2024/contact_sheets/CAMHDA301-20240513T091500.png,2024,2024_091500
CAMHDA301-20240513T151500,2024-05-13T15:15:00+00:00,Monday,151500,True,/home/jovyan/scaleworm-student-lab/scene_sorting/full_2023_2024/contact_sheets/CAMHDA301-20240513T151500.png,2024,2024_151500
CAMHDA301-20240701T091500,2024-07-01T09:15:00+00:00,Monday,091500,True,/home/jovyan/scaleworm-student-lab/scene_sorting/full_2023_2024/contact_sheets/CAMHDA301-20240701T091500.png,2024,2024_091500
CAMHDA301-20240708T211500,2024-07-08T21:15:00+00:00,Monday,211500,True,/home/jovyan/scaleworm-student-lab/scene_sorting/full_2023_2024/contact_sheets/CAMHDA301-20240708T211500.png,2024,2024_211500
CAMHDA301-20240715T031500,2024-07-15T03:15:00+00:00,Monday,031500,True,/home/jovyan/scaleworm-student-lab/scene_sorting/full_2023_2024/contact_sheets/CAMHDA301-20240715T031500.png,2024,2024_031500
CAMHDA301-20240722T001500,2024-07-22T00:15:00+00:00,Monday,001500,True,/home/jovyan/scaleworm-student-lab/scene_sorting/full_2023_2024/contact_sheets/CAMHDA301-20240722T001500.png,2024,2024_001500
CAMHDA301-20240722T181500,2024-07-22T18:15:00+00:00,Monday,181500,True,/home/jovyan/scaleworm-student-lab/scene_sorting/full_2023_2024/contact_sheets/CAMHDA301-20240722T181500.png,2024,2024_181500
CAMHDA301-20240729T121500,2024-07-29T12:15:00+00:00,Monday,121500,True,/home/jovyan/scaleworm-student-lab/scene_sorting/full_2023_2024/contact_sheets/CAMHDA301-20240729T121500.png,2024,2024_121500
CAMHDA301-20240729T181500,2024-07-29T18:15:00+00:00,Monday,181500,True,/home/jovyan/scaleworm-student-lab/scene_sorting/full_2023_2024/contact_sheets/CAMHDA301-20240729T181500.png,2024,2024_181500
CAMHDA301-20240923T121500,2024-09-23T12:15:00+00:00,Monday,121500,True,/home/jovyan/scaleworm-student-lab/scene_sorting/full_2023_2024/contact_sheets/CAMHDA301-20240923T121500.png,2024,2024_121500
CAMHDA301-20240930T151500,2024-09-30T15:15:00+00:00,Monday,151500,True,/home/jovyan/scaleworm-student-lab/scene_sorting/full_2023_2024/contact_sheets/CAMHDA301-20240930T151500.png,2024,2024_151500
CAMHDA301-20241007T091500,2024-10-07T09:15:00+00:00,Monday,091500,True,/home/jovyan/scaleworm-student-lab/scene_sorting/full_2023_2024/contact_sheets/CAMHDA301-20241007T091500.png,2024,2024_091500
CAMHDA301-20241014T211500,2024-10-14T21:15:00+00:00,Monday,211500,True,/home/jovyan/scaleworm-student-lab/scene_sorting/full_2023_2024/contact_sheets/CAMHDA301-20241014T211500.png,2024,2024_211500
CAMHDA301-20241021T031500,2024-10-21T03:15:00+00:00,Monday,031500,True,/home/jovyan/scaleworm-student-lab/scene_sorting/full_2023_2024/contact_sheets/CAMHDA301-20241021T031500.png,2024,2024_031500
CAMHDA301-20241021T211500,2024-10-21T21:15:00+00:00,Monday,211500,True,/home/jovyan/scaleworm-student-lab/scene_sorting/full_2023_2024/contact_sheets/CAMHDA301-20241021T211500.png,2024,2024_211500
CAMHDA301-20241028T001500,2024-10-28T00:15:00+00:00,Monday,001500,True,/home/jovyan/scaleworm-student-lab/scene_sorting/full_2023_2024/contact_sheets/CAMHDA301-20241028T001500.png,2024,2024_001500
CAMHDA301-20241104T001500,2024-11-04T00:15:00+00:00,Monday,001500,True,/home/jovyan/scaleworm-student-lab/scene_sorting/full_2023_2024/contact_sheets/CAMHDA301-20241104T001500.png,2024,2024_001500
CAMHDA301-20241111T121500,2024-11-11T12:15:00+00:00,Monday,121500,True,/home/jovyan/scaleworm-student-lab/scene_sorting/full_2023_2024/contact_sheets/CAMHDA301-20241111T121500.png,2024,2024_121500
CAMHDA301-20241111T181500,2024-11-11T18:15:00+00:00,Monday,181500,True,/home/jovyan/scaleworm-student-lab/scene_sorting/full_2023_2024/contact_sheets/CAMHDA301-20241111T181500.png,2024,2024_181500
CAMHDA301-20241118T061500,2024-11-18T06:15:00+00:00,Monday,061500,True,/home/jovyan/scaleworm-student-lab/scene_sorting/full_2023_2024/contact_sheets/CAMHDA301-20241118T061500.png,2024,2024_061500
CAMHDA301-20241125T031500,2024-11-25T03:15:00+00:00,Monday,031500,True,/home/jovyan/scaleworm-student-lab/scene_sorting/full_2023_2024/contact_sheets/CAMHDA301-20241125T031500.png,2024,2024_031500
CAMHDA301-20241202T031500,2024-12-02T03:15:00+00:00,Monday,031500,True,/home/jovyan/scaleworm-student-lab/scene_sorting/full_2023_2024/contact_sheets/CAMHDA301-20241202T031500.png,2024,2024_031500
CAMHDA301-20241209T061500,2024-12-09T06:15:00+00:00,Monday,061500,True,/home/jovyan/scaleworm-student-lab/scene_sorting/full_2023_2024/contact_sheets/CAMHDA301-20241209T061500.png,2024,2024_061500
CAMHDA301-20241216T181500,2024-12-16T18:15:00+00:00,Monday,181500,True,/home/jovyan/scaleworm-student-lab/scene_sorting/full_2023_2024/contact_sheets/CAMHDA301-20241216T181500.png,2024,2024_181500
