stem,datetime_utc,recording_date,sheet_path,video_path
CAMHDA301-20160101T000000Z,2016-01-01T00:00:00,2016-01-01,contact_sheets/CAMHDA301-20160101T000000Z.png,/home/jovyan/ooi/san_data/RS03ASHS-PN03B-06-CAMHDA301/2016/01/01/CAMHDA301-20160101T000000Z.mp4
CAMHDA301-20160117T000000Z,2016-01-17T00:00:00,2016-01-17,contact_sheets/CAMHDA301-20160117T000000Z.png,/home/jovyan/ooi/san_data/RS03ASHS-PN03B-06-CAMHDA301/2016/01/17/CAMHDA301-20160117T000000Z.mp4
CAMHDA301-20160201T210000Z,2016-02-01T21:00:00,2016-02-01,contact_sheets/CAMHDA301-20160201T210000Z.png,/home/jovyan/ooi/san_data/RS03ASHS-PN03B-06-CAMHDA301/2016/02/01/CAMHDA301-20160201T210000Z.mp4
CAMHDA301-20160215T000000Z,2016-02-15T00:00:00,2016-02-15,contact_sheets/CAMHDA301-20160215T000000Z.png,/home/jovyan/ooi/san_data/RS03ASHS-PN03B-06-CAMHDA301/2016/02/15/CAMHDA301-20160215T000000Z.mp4
CAMHDA301-20160301T000000Z,2016-03-01T00:00:00,2016-03-01,contact_sheets/CAMHDA301-20160301T000000Z.png,/home/jovyan/ooi/san_data/RS03ASHS-PN03B-06-CAMHDA301/2016/03/01/CAMHDA301-20160301T000000Z.mp4
CAMHDA301-20160316T000000Z,2016-03-16T00:00:00,2016-03-16,contact_sheets/CAMHDA301-20160316T000000Z.png,/home/jovyan/ooi/san_data/RS03ASHS-PN03B-06-CAMHDA301/2016/03/16/CAMHDA301-20160316T000000Z.mp4
CAMHDA301-20160401T000000Z,2016-04-01T00:00:00,2016-04-01,contact_sheets/CAMHDA301-20160401T000000Z.png,/home/jovyan/ooi/san_data/RS03ASHS-PN03B-06-CAMHDA301/2016/04/01/CAMHDA301-20160401T000000Z.mp4
CAMHDA301-20160416T000000Z,2016-04-16T00:00:00,2016-04-16,contact_sheets/CAMHDA301-20160416T000000Z.png,/home/jovyan/ooi/san_data/RS03ASHS-PN03B-06-CAMHDA301/2016/04/16/CAMHDA301-20160416T000000Z.mp4
CAMHDA301-20160501T000000Z,2016-05-01T00:00:00,2016-05-01,contact_sheets/CAMHDA301-20160501T000000Z.png,/home/jovyan/ooi/san_data/RS03ASHS-PN03B-06-CAMHDA301/2016/05/01/CAMHDA301-20160501T000000Z.mp4
CAMHDA301-20160516T000000Z,2016-05-16T00:00:00,2016-05-16,contact_sheets/CAMHDA301-20160516T000000Z.png,/home/jovyan/ooi/san_data/RS03ASHS-PN03B-06-CAMHDA301/2016/05/16/CAMHDA301-20160516T000000Z.mp4
CAMHDA301-20160601T000000Z,2016-06-01T00:00:00,2016-06-01,contact_sheets/CAMHDA301-20160601T000000Z.png,/home/jovyan/ooi/san_data/RS03ASHS-PN03B-06-CAMHDA301/2016/06/01/CAMHDA301-20160601T000000Z.mp4
CAMHDA301-20160616T000000Z,2016-06-16T00:00:00,2016-06-16,contact_sheets/CAMHDA301-20160616T000000Z.png,/home/jovyan/ooi/san_data/RS03ASHS-PN03B-06-CAMHDA301/2016/06/16/CAMHDA301-20160616T000000Z.mp4
CAMHDA301-20160701T000000Z,2016-07-01T00:00:00,2016-07-01,contact_sheets/CAMHDA301-20160701T000000Z.png,/home/jovyan/ooi/san_data/RS03ASHS-PN03B-06-CAMHDA301/2016/07/01/CAMHDA301-20160701T000000Z.mp4
CAMHDA301-20160716T000000Z,2016-07-16T00:00:00,2016-07-16,contact_sheets/CAMHDA301-20160716T000000Z.png,/home/jovyan/ooi/san_data/RS03ASHS-PN03B-06-CAMHDA301/2016/07/16/CAMHDA301-20160716T000000Z.mp4
CAMHDA301-20160801T000000Z,2016-08-01T00:00:00,2016-08-01,contact_sheets/CAMHDA301-20160801T000000Z.png,/home/jovyan/ooi/san_data/RS03ASHS-PN03B-06-CAMHDA301/2016/08/01/CAMHDA301-20160801T000000Z.mp4
CAMHDA301-20160816T000000Z,2016-08-16T00:00:00,2016-08-16,contact_sheets/CAMHDA301-20160816T000000Z.png,/home/jovyan/ooi/san_data/RS03ASHS-PN03B-06-CAMHDA301/2016/08/16/CAMHDA301-20160816T000000Z.mp4
CAMHDA301-20160901T000000Z,2016-09-01T00:00:00,2016-09-01,contact_sheets/CAMHDA301-20160901T000000Z.png,/home/jovyan/ooi/san_data/RS03ASHS-PN03B-06-CAMHDA301/2016/09/01/CAMHDA301-20160901T000000Z.mp4
CAMHDA301-20160916T000000Z,2016-09-16T00:00:00,2016-09-16,contact_sheets/CAMHDA301-20160916T000000Z.png,/home/jovyan/ooi/san_data/RS03ASHS-PN03B-06-CAMHDA301/2016/09/16/CAMHDA301-20160916T000000Z.mp4
CAMHDA301-20161001T000000Z,2016-10-01T00:00:00,2016-10-01,contact_sheets/CAMHDA301-20161001T000000Z.png,/home/jovyan/ooi/san_data/RS03ASHS-PN03B-06-CAMHDA301/2016/10/01/CAMHDA301-20161001T000000Z.mp4
CAMHDA301-20161016T000000Z,2016-10-16T00:00:00,2016-10-16,contact_sheets/CAMHDA301-20161016T000000Z.png,/home/jovyan/ooi/san_data/RS03ASHS-PN03B-06-CAMHDA301/2016/10/16/CAMHDA301-20161016T000000Z.mp4
CAMHDA301-20161101T000000Z,2016-11-01T00:00:00,2016-11-01,contact_sheets/CAMHDA301-20161101T000000Z.png,/home/jovyan/ooi/san_data/RS03ASHS-PN03B-06-CAMHDA301/2016/11/01/CAMHDA301-20161101T000000Z.mp4
CAMHDA301-20161116T000000Z,2016-11-16T00:00:00,2016-11-16,contact_sheets/CAMHDA301-20161116T000000Z.png,/home/jovyan/ooi/san_data/RS03ASHS-PN03B-06-CAMHDA301/2016/11/16/CAMHDA301-20161116T000000Z.mp4
CAMHDA301-20161201T001400,2016-12-01T00:14:00,2016-12-01,contact_sheets/CAMHDA301-20161201T001400.png,/home/jovyan/ooi/san_data/RS03ASHS-PN03B-06-CAMHDA301/2016/12/01/CAMHDA301-20161201T001400.mp4
CAMHDA301-20161216T000900,2016-12-16T00:09:00,2016-12-16,contact_sheets/CAMHDA301-20161216T000900.png,/home/jovyan/ooi/san_data/RS03ASHS-PN03B-06-CAMHDA301/2016/12/16/CAMHDA301-20161216T000900.mp4
