frame_id,date,model,ai_count,in_training
CAMHDA301-20210914T061500,2021-09-14,v2,5,False
CAMHDA301-20210914T091500,2021-09-14,v2,11,False
CAMHDA301-20210914T121500,2021-09-14,v2,12,False
CAMHDA301-20210921T001500,2021-09-21,v2,9,False
CAMHDA301-20210921T031500,2021-09-21,v2,13,False
CAMHDA301-20210921T061500,2021-09-21,v2,9,False
CAMHDA301-20210921T121500,2021-09-21,v2,9,False
CAMHDA301-20210921T151500,2021-09-21,v2,7,False
CAMHDA301-20210928T001500,2021-09-28,v2,12,False
CAMHDA301-20210928T031500,2021-09-28,v2,8,False
CAMHDA301-20210928T061500,2021-09-28,v2,12,False
CAMHDA301-20210928T121500,2021-09-28,v2,7,False
CAMHDA301-20210928T181500,2021-09-28,v2,4,False
CAMHDA301-20210928T211500,2021-09-28,v2,1,False
CAMHDA301-20211005T031500,2021-10-05,v2,9,False
CAMHDA301-20211005T061500,2021-10-05,v2,9,False
CAMHDA301-20211005T121500,2021-10-05,v2,6,False
CAMHDA301-20211012T031500,2021-10-12,v2,7,False
CAMHDA301-20211012T061500,2021-10-12,v2,9,False
CAMHDA301-20211012T091500,2021-10-12,v2,16,False
CAMHDA301-20211012T121500,2021-10-12,v2,8,False
CAMHDA301-20211012T151500,2021-10-12,v2,7,False
CAMHDA301-20211019T001500,2021-10-19,v2,7,False
CAMHDA301-20211019T121500,2021-10-19,v2,13,False
CAMHDA301-20211026T001500,2021-10-26,v2,7,False
CAMHDA301-20211026T031500,2021-10-26,v2,7,False
CAMHDA301-20211026T061500,2021-10-26,v2,8,False
CAMHDA301-20211026T091500,2021-10-26,v2,10,False
CAMHDA301-20211026T121500,2021-10-26,v2,9,False
CAMHDA301-20211026T151500,2021-10-26,v2,9,False
CAMHDA301-20211026T181500,2021-10-26,v2,8,False
CAMHDA301-20211026T211500,2021-10-26,v2,8,False
CAMHDA301-20211109T001500,2021-11-09,v2,9,False
CAMHDA301-20211109T061500,2021-11-09,v2,8,False
CAMHDA301-20211109T091500,2021-11-09,v2,15,False
CAMHDA301-20211109T121500,2021-11-09,v2,10,False
CAMHDA301-20211109T151500,2021-11-09,v2,4,False
CAMHDA301-20211109T211500,2021-11-09,v2,9,False
CAMHDA301-20211116T001500,2021-11-16,v2,8,False
CAMHDA301-20211116T031500,2021-11-16,v2,6,False
CAMHDA301-20211116T061500,2021-11-16,v2,7,False
CAMHDA301-20211116T151500,2021-11-16,v2,7,False
CAMHDA301-20211116T181500,2021-11-16,v2,9,False
CAMHDA301-20211116T211500,2021-11-16,v2,8,False
CAMHDA301-20211123T031500,2021-11-23,v2,10,False
CAMHDA301-20211123T061500,2021-11-23,v2,9,False
CAMHDA301-20211123T181500,2021-11-23,v2,6,False
CAMHDA301-20211123T211500,2021-11-23,v2,10,False
CAMHDA301-20211130T211500,2021-11-30,v2,9,False
CAMHDA301-20211207T031500,2021-12-07,v2,14,False
CAMHDA301-20211207T061500,2021-12-07,v2,9,False
CAMHDA301-20211207T091500,2021-12-07,v2,13,False
CAMHDA301-20211207T121500,2021-12-07,v2,9,False
CAMHDA301-20211214T001500,2021-12-14,v2,12,False
CAMHDA301-20211214T031500,2021-12-14,v2,11,False
CAMHDA301-20211214T061500,2021-12-14,v2,10,False
CAMHDA301-20211214T091500,2021-12-14,v2,9,False
CAMHDA301-20211214T121500,2021-12-14,v2,9,False
CAMHDA301-20211214T181500,2021-12-14,v2,8,False
CAMHDA301-20211214T211500,2021-12-14,v2,9,False
CAMHDA301-20211221T001500,2021-12-21,v2,13,False
CAMHDA301-20211221T031500,2021-12-21,v2,8,False
CAMHDA301-20211221T061500,2021-12-21,v2,8,False
CAMHDA301-20211221T091500,2021-12-21,v2,12,False
CAMHDA301-20211221T151500,2021-12-21,v2,6,False
CAMHDA301-20211221T181500,2021-12-21,v2,10,False
CAMHDA301-20211228T031500,2021-12-28,v2,12,False
CAMHDA301-20211228T061500,2021-12-28,v2,8,False
CAMHDA301-20211228T121500,2021-12-28,v2,10,False
CAMHDA301-20211228T151500,2021-12-28,v2,9,False
CAMHDA301-20211228T181500,2021-12-28,v2,11,False
CAMHDA301-20211228T211500,2021-12-28,v2,10,False
CAMHDA301-20220104T031500,2022-01-04,v2,9,False
CAMHDA301-20220104T061500,2022-01-04,v2,9,False
CAMHDA301-20220104T091500,2022-01-04,v2,13,False
CAMHDA301-20220104T121500,2022-01-04,v2,9,False
CAMHDA301-20220104T151500,2022-01-04,v2,11,False
CAMHDA301-20220104T181500,2022-01-04,v2,7,False
CAMHDA301-20220104T211500,2022-01-04,v2,13,False
CAMHDA301-20220111T001500,2022-01-11,v2,11,False
CAMHDA301-20220111T031500,2022-01-11,v2,10,False
CAMHDA301-20220111T151500,2022-01-11,v2,15,False
CAMHDA301-20220111T211500,2022-01-11,v2,16,False
CAMHDA301-20220118T001500,2022-01-18,v2,10,False
CAMHDA301-20220118T061500,2022-01-18,v2,10,False
CAMHDA301-20220118T181500,2022-01-18,v2,7,False
CAMHDA301-20220125T151500,2022-01-25,v2,4,False
CAMHDA301-20220125T181500,2022-01-25,v2,10,False
CAMHDA301-20220125T211500,2022-01-25,v2,7,False
CAMHDA301-20220208T001500,2022-02-08,v2,6,False
CAMHDA301-20220208T031500,2022-02-08,v2,10,False
CAMHDA301-20220208T061500,2022-02-08,v2,5,False
CAMHDA301-20220208T091500,2022-02-08,v2,2,False
CAMHDA301-20220208T121500,2022-02-08,v2,7,False
CAMHDA301-20220208T151500,2022-02-08,v2,7,False
CAMHDA301-20220208T211500,2022-02-08,v2,11,False
CAMHDA301-20220215T001500,2022-02-15,v2,8,False
CAMHDA301-20220215T031500,2022-02-15,v2,5,False
CAMHDA301-20220215T091500,2022-02-15,v2,8,False
CAMHDA301-20220215T151500,2022-02-15,v2,9,False
CAMHDA301-20220215T181500,2022-02-15,v2,5,False
CAMHDA301-20220215T211500,2022-02-15,v2,2,False
CAMHDA301-20220222T001500,2022-02-22,v2,8,False
CAMHDA301-20220222T031500,2022-02-22,v2,11,False
CAMHDA301-20220222T061500,2022-02-22,v2,8,False
CAMHDA301-20220222T121500,2022-02-22,v2,6,False
CAMHDA301-20220222T181500,2022-02-22,v2,9,False
CAMHDA301-20220222T211500,2022-02-22,v2,4,False
CAMHDA301-20220308T001500,2022-03-08,v2,7,False
CAMHDA301-20220308T031500,2022-03-08,v2,7,False
CAMHDA301-20220308T091500,2022-03-08,v2,4,False
CAMHDA301-20220308T121500,2022-03-08,v2,8,False
CAMHDA301-20220308T151500,2022-03-08,v2,4,False
CAMHDA301-20220308T181500,2022-03-08,v2,6,False
CAMHDA301-20220308T211500,2022-03-08,v2,2,False
CAMHDA301-20220315T061500,2022-03-15,v2,5,False
CAMHDA301-20220315T121500,2022-03-15,v2,5,False
CAMHDA301-20220315T181500,2022-03-15,v2,8,False
CAMHDA301-20220315T211500,2022-03-15,v2,7,False
CAMHDA301-20220322T031500,2022-03-22,v2,10,False
CAMHDA301-20220322T061500,2022-03-22,v2,7,False
CAMHDA301-20220322T091500,2022-03-22,v2,6,False
CAMHDA301-20220322T121500,2022-03-22,v2,14,False
CAMHDA301-20220322T151500,2022-03-22,v2,6,False
CAMHDA301-20220322T181500,2022-03-22,v2,10,False
CAMHDA301-20220322T211500,2022-03-22,v2,4,False
CAMHDA301-20220329T001500,2022-03-29,v2,9,False
CAMHDA301-20220329T031500,2022-03-29,v2,8,False
CAMHDA301-20220329T151500,2022-03-29,v2,7,False
CAMHDA301-20220329T181500,2022-03-29,v2,14,False
CAMHDA301-20220405T001500,2022-04-05,v2,10,False
CAMHDA301-20220405T031500,2022-04-05,v2,6,False
CAMHDA301-20220405T061500,2022-04-05,v2,8,False
CAMHDA301-20220405T091500,2022-04-05,v2,10,False
CAMHDA301-20220405T121500,2022-04-05,v2,10,False
CAMHDA301-20220405T151500,2022-04-05,v2,5,False
CAMHDA301-20220405T181500,2022-04-05,v2,12,False
CAMHDA301-20220412T001500,2022-04-12,v2,5,False
CAMHDA301-20220412T031500,2022-04-12,v2,4,False
CAMHDA301-20220412T061500,2022-04-12,v2,5,False
CAMHDA301-20220412T121500,2022-04-12,v2,12,False
CAMHDA301-20220412T151500,2022-04-12,v2,7,False
CAMHDA301-20220419T001500,2022-04-19,v2,6,False
CAMHDA301-20220419T031500,2022-04-19,v2,9,False
CAMHDA301-20220419T061500,2022-04-19,v2,7,False
CAMHDA301-20220419T151500,2022-04-19,v2,12,False
CAMHDA301-20220426T001500,2022-04-26,v2,12,False
CAMHDA301-20220426T091500,2022-04-26,v2,15,False
CAMHDA301-20220426T121500,2022-04-26,v2,14,False
CAMHDA301-20220426T211500,2022-04-26,v2,13,False
CAMHDA301-20220510T031500,2022-05-10,v2,9,False
CAMHDA301-20220517T031500,2022-05-17,v2,13,False
CAMHDA301-20220517T061500,2022-05-17,v2,7,False
CAMHDA301-20220517T091500,2022-05-17,v2,11,False
CAMHDA301-20220517T121500,2022-05-17,v2,20,False
CAMHDA301-20220517T151500,2022-05-17,v2,21,False
CAMHDA301-20220517T181500,2022-05-17,v2,14,False
CAMHDA301-20220517T211500,2022-05-17,v2,12,False
CAMHDA301-20220524T001500,2022-05-24,v2,10,False
CAMHDA301-20220524T031500,2022-05-24,v2,4,False
CAMHDA301-20220524T091500,2022-05-24,v2,11,False
CAMHDA301-20220524T121500,2022-05-24,v2,7,False
CAMHDA301-20220524T151500,2022-05-24,v2,9,False
CAMHDA301-20220524T181500,2022-05-24,v2,11,False
CAMHDA301-20220524T211500,2022-05-24,v2,7,False
CAMHDA301-20220531T001500,2022-05-31,v2,10,False
CAMHDA301-20220531T031500,2022-05-31,v2,9,False
CAMHDA301-20220531T061500,2022-05-31,v2,8,False
CAMHDA301-20220531T091500,2022-05-31,v2,8,False
CAMHDA301-20220531T121500,2022-05-31,v2,13,False
CAMHDA301-20220531T151500,2022-05-31,v2,11,False
CAMHDA301-20220531T181500,2022-05-31,v2,9,False
CAMHDA301-20220531T211500,2022-05-31,v2,7,False
CAMHDA301-20220607T001500,2022-06-07,v2,15,False
CAMHDA301-20220607T121500,2022-06-07,v2,4,False
CAMHDA301-20220607T151500,2022-06-07,v2,6,False
CAMHDA301-20220607T181500,2022-06-07,v2,14,False
CAMHDA301-20220614T001500,2022-06-14,v2,12,False
CAMHDA301-20220614T031500,2022-06-14,v2,11,False
CAMHDA301-20220614T061500,2022-06-14,v2,4,False
CAMHDA301-20220614T091500,2022-06-14,v2,8,False
CAMHDA301-20220614T121500,2022-06-14,v2,8,False
CAMHDA301-20220614T151500,2022-06-14,v2,6,False
CAMHDA301-20220621T001500,2022-06-21,v2,7,False
CAMHDA301-20220621T061500,2022-06-21,v2,8,False
CAMHDA301-20220621T091500,2022-06-21,v2,13,False
CAMHDA301-20220621T121500,2022-06-21,v2,12,False
CAMHDA301-20220621T181500,2022-06-21,v2,15,False
CAMHDA301-20220621T211500,2022-06-21,v2,22,False
CAMHDA301-20220628T001500,2022-06-28,v2,13,False
CAMHDA301-20220628T031500,2022-06-28,v2,11,False
CAMHDA301-20220628T121500,2022-06-28,v2,12,False
CAMHDA301-20220628T151500,2022-06-28,v2,8,False
CAMHDA301-20220628T181500,2022-06-28,v2,12,False
CAMHDA301-20220628T211500,2022-06-28,v2,15,False
CAMHDA301-20220705T031500,2022-07-05,v2,5,False
CAMHDA301-20220705T061500,2022-07-05,v2,7,False
CAMHDA301-20220705T091500,2022-07-05,v2,5,False
CAMHDA301-20220705T121500,2022-07-05,v2,8,False
CAMHDA301-20220705T151500,2022-07-05,v2,13,False
CAMHDA301-20220705T181500,2022-07-05,v2,12,False
CAMHDA301-20220705T211500,2022-07-05,v2,9,False
CAMHDA301-20220712T001500,2022-07-12,v2,8,False
CAMHDA301-20220712T031500,2022-07-12,v2,11,False
CAMHDA301-20220712T061500,2022-07-12,v2,6,False
CAMHDA301-20220712T091500,2022-07-12,v2,9,False
CAMHDA301-20220712T121500,2022-07-12,v2,4,False
CAMHDA301-20220712T151500,2022-07-12,v2,11,False
CAMHDA301-20220712T181500,2022-07-12,v2,8,False
CAMHDA301-20220712T211500,2022-07-12,v2,10,False
CAMHDA301-20220719T001500,2022-07-19,v2,5,False
CAMHDA301-20220719T031500,2022-07-19,v2,5,False
CAMHDA301-20220719T061500,2022-07-19,v2,10,False
CAMHDA301-20220719T091500,2022-07-19,v2,9,False
CAMHDA301-20220719T121500,2022-07-19,v2,8,False
CAMHDA301-20220719T181500,2022-07-19,v2,11,False
CAMHDA301-20220719T211500,2022-07-19,v2,4,False
CAMHDA301-20220726T001500,2022-07-26,v2,6,False
CAMHDA301-20220726T061500,2022-07-26,v2,1,False
CAMHDA301-20220726T091500,2022-07-26,v2,4,False
CAMHDA301-20220726T121500,2022-07-26,v2,9,False
CAMHDA301-20220726T151500,2022-07-26,v2,8,False
CAMHDA301-20220726T181500,2022-07-26,v2,6,False
CAMHDA301-20220726T211500,2022-07-26,v2,6,False
CAMHDA301-20220802T091500,2022-08-02,v2,1,False
CAMHDA301-20220809T001500,2022-08-09,v2,8,False
CAMHDA301-20220809T031500,2022-08-09,v2,4,False
CAMHDA301-20220809T061500,2022-08-09,v2,9,False
CAMHDA301-20220809T121500,2022-08-09,v2,13,False
CAMHDA301-20220809T151500,2022-08-09,v2,10,False
CAMHDA301-20220809T181500,2022-08-09,v2,10,False
CAMHDA301-20220809T211500,2022-08-09,v2,13,False
CAMHDA301-20220816T001500,2022-08-16,v2,10,False
CAMHDA301-20220816T031500,2022-08-16,v2,13,False
CAMHDA301-20220816T061500,2022-08-16,v2,11,False
CAMHDA301-20220816T091500,2022-08-16,v2,7,False
CAMHDA301-20220816T121500,2022-08-16,v2,7,False
CAMHDA301-20220816T151500,2022-08-16,v2,12,False
CAMHDA301-20220816T181500,2022-08-16,v2,8,False
CAMHDA301-20220816T211500,2022-08-16,v2,8,False
CAMHDA301-20220823T001500,2022-08-23,v2,7,False
CAMHDA301-20220823T061500,2022-08-23,v2,7,False
CAMHDA301-20220823T091500,2022-08-23,v2,9,False
CAMHDA301-20220823T121500,2022-08-23,v2,10,False
CAMHDA301-20220823T151500,2022-08-23,v2,15,False
CAMHDA301-20220823T211500,2022-08-23,v2,10,False
CAMHDA301-20220830T001500,2022-08-30,v2,9,False
CAMHDA301-20220906T001500,2022-09-06,v2,8,False
CAMHDA301-20220906T031500,2022-09-06,v2,6,False
CAMHDA301-20220906T061500,2022-09-06,v2,8,False
CAMHDA301-20220906T091500,2022-09-06,v2,16,False
CAMHDA301-20220906T121500,2022-09-06,v2,11,False
CAMHDA301-20220906T151500,2022-09-06,v2,15,False
CAMHDA301-20220906T181500,2022-09-06,v2,11,False
CAMHDA301-20220906T211500,2022-09-06,v2,8,False
CAMHDA301-20220913T031500,2022-09-13,v2,14,False
CAMHDA301-20220913T091500,2022-09-13,v2,4,False
CAMHDA301-20220913T121500,2022-09-13,v2,6,False
CAMHDA301-20220913T181500,2022-09-13,v2,11,False
CAMHDA301-20220913T211500,2022-09-13,v2,5,False
CAMHDA301-20220920T031500,2022-09-20,v2,1,False
CAMHDA301-20220927T001500,2022-09-27,v2,10,False
CAMHDA301-20220927T031500,2022-09-27,v2,17,False
CAMHDA301-20220927T061500,2022-09-27,v2,10,False
CAMHDA301-20220927T091500,2022-09-27,v2,11,False
CAMHDA301-20220927T121500,2022-09-27,v2,9,False
CAMHDA301-20220927T151500,2022-09-27,v2,18,False
CAMHDA301-20220927T181500,2022-09-27,v2,4,False
CAMHDA301-20220927T211500,2022-09-27,v2,8,False
CAMHDA301-20221004T001500,2022-10-04,v2,8,False
CAMHDA301-20221004T061500,2022-10-04,v2,9,False
CAMHDA301-20221004T091500,2022-10-04,v2,13,False
CAMHDA301-20221004T121500,2022-10-04,v2,23,False
CAMHDA301-20221004T151500,2022-10-04,v2,12,False
CAMHDA301-20221004T181500,2022-10-04,v2,10,False
CAMHDA301-20221004T211500,2022-10-04,v2,13,False
CAMHDA301-20221011T001500,2022-10-11,v2,14,False
CAMHDA301-20221011T031500,2022-10-11,v2,14,False
CAMHDA301-20221011T061500,2022-10-11,v2,0,False
CAMHDA301-20221011T091500,2022-10-11,v2,12,False
CAMHDA301-20221011T121500,2022-10-11,v2,15,False
CAMHDA301-20221011T181500,2022-10-11,v2,13,False
CAMHDA301-20221011T211500,2022-10-11,v2,14,False
CAMHDA301-20221018T001500,2022-10-18,v2,7,False
CAMHDA301-20221018T031500,2022-10-18,v2,8,False
CAMHDA301-20221018T061500,2022-10-18,v2,7,False
CAMHDA301-20221018T091500,2022-10-18,v2,18,False
CAMHDA301-20221018T121500,2022-10-18,v2,12,False
CAMHDA301-20221018T151500,2022-10-18,v2,20,False
CAMHDA301-20221018T211500,2022-10-18,v2,17,False
CAMHDA301-20221025T001500,2022-10-25,v2,13,False
CAMHDA301-20221025T031500,2022-10-25,v2,16,False
CAMHDA301-20221025T091500,2022-10-25,v2,15,False
CAMHDA301-20221025T121500,2022-10-25,v2,17,False
CAMHDA301-20221025T151500,2022-10-25,v2,20,False
CAMHDA301-20221025T181500,2022-10-25,v2,11,False
CAMHDA301-20221025T211500,2022-10-25,v2,17,False
CAMHDA301-20221101T091500,2022-11-01,v2,15,False
CAMHDA301-20221101T151500,2022-11-01,v2,19,False
CAMHDA301-20221108T001500,2022-11-08,v2,14,False
CAMHDA301-20221108T031500,2022-11-08,v2,14,False
CAMHDA301-20221108T091500,2022-11-08,v2,7,False
CAMHDA301-20221108T121500,2022-11-08,v2,19,False
CAMHDA301-20221108T181500,2022-11-08,v2,13,False
CAMHDA301-20221108T211500,2022-11-08,v2,8,False
CAMHDA301-20221115T001500,2022-11-15,v2,4,False
CAMHDA301-20221115T031500,2022-11-15,v2,11,False
CAMHDA301-20221115T061500,2022-11-15,v2,19,False
CAMHDA301-20221115T091500,2022-11-15,v2,20,False
CAMHDA301-20221115T121500,2022-11-15,v2,11,False
CAMHDA301-20221115T181500,2022-11-15,v2,17,False
CAMHDA301-20221115T211500,2022-11-15,v2,9,False
CAMHDA301-20221122T001500,2022-11-22,v2,16,False
CAMHDA301-20221122T031500,2022-11-22,v2,14,False
CAMHDA301-20221122T061500,2022-11-22,v2,7,False
CAMHDA301-20221122T091500,2022-11-22,v2,21,False
CAMHDA301-20221122T151500,2022-11-22,v2,7,False
CAMHDA301-20221122T181500,2022-11-22,v2,10,False
CAMHDA301-20221129T001500,2022-11-29,v2,10,False
CAMHDA301-20221129T031500,2022-11-29,v2,21,False
CAMHDA301-20221129T061500,2022-11-29,v2,21,False
CAMHDA301-20221129T091500,2022-11-29,v2,24,False
CAMHDA301-20221129T121500,2022-11-29,v2,17,False
CAMHDA301-20221129T151500,2022-11-29,v2,12,False
CAMHDA301-20221206T001500,2022-12-06,v2,19,False
CAMHDA301-20221206T031500,2022-12-06,v2,20,False
CAMHDA301-20221206T091500,2022-12-06,v2,15,False
CAMHDA301-20221206T121500,2022-12-06,v2,19,False
CAMHDA301-20221206T151500,2022-12-06,v2,11,False
CAMHDA301-20221206T181500,2022-12-06,v2,4,False
CAMHDA301-20221206T211500,2022-12-06,v2,14,False
CAMHDA301-20221213T001500,2022-12-13,v2,17,False
CAMHDA301-20221213T031500,2022-12-13,v2,21,False
CAMHDA301-20221213T061500,2022-12-13,v2,15,False
CAMHDA301-20221213T091500,2022-12-13,v2,15,False
CAMHDA301-20221213T121500,2022-12-13,v2,21,False
CAMHDA301-20221213T151500,2022-12-13,v2,23,False
CAMHDA301-20221213T181500,2022-12-13,v2,16,False
CAMHDA301-20221213T211500,2022-12-13,v2,16,False
CAMHDA301-20221220T031500,2022-12-20,v2,6,False
CAMHDA301-20221227T031500,2022-12-27,v2,23,False
CAMHDA301-20221227T061500,2022-12-27,v2,28,False
CAMHDA301-20221227T091500,2022-12-27,v2,21,False
CAMHDA301-20221227T121500,2022-12-27,v2,20,False
CAMHDA301-20221227T181500,2022-12-27,v2,21,False
CAMHDA301-20230110T031500,2023-01-10,v2,21,False
CAMHDA301-20230117T001500,2023-01-17,v2,1,False
CAMHDA301-20230117T091500,2023-01-17,v2,13,False
CAMHDA301-20230117T121500,2023-01-17,v2,14,False
CAMHDA301-20230117T151500,2023-01-17,v2,10,False
CAMHDA301-20230117T181500,2023-01-17,v2,8,False
CAMHDA301-20230124T031500,2023-01-24,v2,13,False
CAMHDA301-20230124T061500,2023-01-24,v2,20,False
CAMHDA301-20230124T151500,2023-01-24,v2,19,False
CAMHDA301-20230124T181500,2023-01-24,v2,5,False
CAMHDA301-20230124T211500,2023-01-24,v2,8,False
CAMHDA301-20230131T001500,2023-01-31,v2,17,False
CAMHDA301-20230131T031500,2023-01-31,v2,14,False
CAMHDA301-20230131T061500,2023-01-31,v2,12,False
CAMHDA301-20230131T091500,2023-01-31,v2,20,False
CAMHDA301-20230131T121500,2023-01-31,v2,12,False
CAMHDA301-20230131T151500,2023-01-31,v2,11,False
CAMHDA301-20230131T181500,2023-01-31,v2,8,False
CAMHDA301-20230131T211500,2023-01-31,v2,13,False
CAMHDA301-20230207T001500,2023-02-07,v2,15,False
CAMHDA301-20230207T031500,2023-02-07,v2,20,False
CAMHDA301-20230207T061500,2023-02-07,v2,15,False
CAMHDA301-20230207T091500,2023-02-07,v2,18,False
CAMHDA301-20230207T121500,2023-02-07,v2,15,False
CAMHDA301-20230207T151500,2023-02-07,v2,24,False
CAMHDA301-20230207T211500,2023-02-07,v2,12,False
CAMHDA301-20230214T001500,2023-02-14,v2,10,False
CAMHDA301-20230214T031500,2023-02-14,v2,15,False
CAMHDA301-20230214T061500,2023-02-14,v2,13,False
CAMHDA301-20230214T091500,2023-02-14,v2,13,False
CAMHDA301-20230214T121500,2023-02-14,v2,7,False
CAMHDA301-20230214T151500,2023-02-14,v2,2,False
CAMHDA301-20230214T181500,2023-02-14,v2,8,False
CAMHDA301-20230214T211500,2023-02-14,v2,15,False
CAMHDA301-20230221T001500,2023-02-21,v2,9,False
CAMHDA301-20230221T031500,2023-02-21,v2,19,False
CAMHDA301-20230221T061500,2023-02-21,v2,24,False
CAMHDA301-20230221T091500,2023-02-21,v2,14,False
CAMHDA301-20230221T121500,2023-02-21,v2,16,False
CAMHDA301-20230221T151500,2023-02-21,v2,23,False
CAMHDA301-20230221T181500,2023-02-21,v2,14,False
CAMHDA301-20230221T211500,2023-02-21,v2,10,False
CAMHDA301-20230228T001500,2023-02-28,v2,20,False
CAMHDA301-20230228T031500,2023-02-28,v2,0,False
CAMHDA301-20230228T061500,2023-02-28,v2,10,False
CAMHDA301-20230228T091500,2023-02-28,v2,15,False
CAMHDA301-20230228T121500,2023-02-28,v2,17,False
CAMHDA301-20230228T151500,2023-02-28,v2,7,False
CAMHDA301-20230228T181500,2023-02-28,v2,6,False
CAMHDA301-20230228T211500,2023-02-28,v2,13,False
CAMHDA301-20230307T031500,2023-03-07,v2,18,False
CAMHDA301-20230307T061500,2023-03-07,v2,12,False
CAMHDA301-20230307T091500,2023-03-07,v2,7,False
CAMHDA301-20230307T121500,2023-03-07,v2,18,False
CAMHDA301-20230307T151500,2023-03-07,v2,17,False
CAMHDA301-20230307T211500,2023-03-07,v2,8,False
CAMHDA301-20230314T031500,2023-03-14,v2,16,False
CAMHDA301-20230314T061500,2023-03-14,v2,16,False
CAMHDA301-20230314T121500,2023-03-14,v2,5,False
CAMHDA301-20230314T151500,2023-03-14,v2,11,False
CAMHDA301-20230314T211500,2023-03-14,v2,10,False
CAMHDA301-20230321T001500,2023-03-21,v2,15,False
CAMHDA301-20230321T031500,2023-03-21,v2,10,False
CAMHDA301-20230321T061500,2023-03-21,v2,13,False
CAMHDA301-20230321T091500,2023-03-21,v2,6,False
CAMHDA301-20230321T121500,2023-03-21,v2,7,False
CAMHDA301-20230321T181500,2023-03-21,v2,7,False
CAMHDA301-20230328T001500,2023-03-28,v2,8,False
CAMHDA301-20230328T031500,2023-03-28,v2,7,False
CAMHDA301-20230328T091500,2023-03-28,v2,4,False
CAMHDA301-20230328T121500,2023-03-28,v2,6,False
CAMHDA301-20230328T181500,2023-03-28,v2,12,False
CAMHDA301-20230328T211500,2023-03-28,v2,3,False
CAMHDA301-20230404T001500,2023-04-04,v2,13,False
CAMHDA301-20230404T031500,2023-04-04,v2,9,False
CAMHDA301-20230404T061500,2023-04-04,v2,12,False
CAMHDA301-20230404T091500,2023-04-04,v2,11,False
CAMHDA301-20230404T121500,2023-04-04,v2,21,False
CAMHDA301-20230404T181500,2023-04-04,v2,6,False
CAMHDA301-20230404T211500,2023-04-04,v2,15,False
CAMHDA301-20230411T001500,2023-04-11,v2,11,False
CAMHDA301-20230411T031500,2023-04-11,v2,16,False
CAMHDA301-20230411T091500,2023-04-11,v2,4,False
CAMHDA301-20230411T121500,2023-04-11,v2,19,False
CAMHDA301-20230411T151500,2023-04-11,v2,16,False
CAMHDA301-20230411T181500,2023-04-11,v2,18,False
CAMHDA301-20230411T211500,2023-04-11,v2,15,False
CAMHDA301-20230418T001500,2023-04-18,v2,19,False
CAMHDA301-20230418T031500,2023-04-18,v2,11,False
CAMHDA301-20230418T061500,2023-04-18,v2,14,False
CAMHDA301-20230418T091500,2023-04-18,v2,8,False
CAMHDA301-20230418T121500,2023-04-18,v2,20,False
CAMHDA301-20230418T151500,2023-04-18,v2,13,False
CAMHDA301-20230418T181500,2023-04-18,v2,6,False
CAMHDA301-20230418T211500,2023-04-18,v2,12,False
CAMHDA301-20230425T001500,2023-04-25,v2,9,False
CAMHDA301-20230425T031500,2023-04-25,v2,14,False
CAMHDA301-20230425T091500,2023-04-25,v2,3,False
CAMHDA301-20230425T121500,2023-04-25,v2,8,False
CAMHDA301-20230425T181500,2023-04-25,v2,10,False
CAMHDA301-20230425T211500,2023-04-25,v2,15,False
CAMHDA301-20230502T061500,2023-05-02,v2,12,False
CAMHDA301-20230509T001500,2023-05-09,v2,11,False
CAMHDA301-20230509T031500,2023-05-09,v2,9,False
CAMHDA301-20230509T061500,2023-05-09,v2,9,False
CAMHDA301-20230509T121500,2023-05-09,v2,9,False
CAMHDA301-20230509T151500,2023-05-09,v2,11,False
CAMHDA301-20230509T181500,2023-05-09,v2,14,False
CAMHDA301-20230516T001500,2023-05-16,v2,15,False
CAMHDA301-20230516T061500,2023-05-16,v2,10,False
CAMHDA301-20230516T091500,2023-05-16,v2,7,False
CAMHDA301-20230516T121500,2023-05-16,v2,13,False
CAMHDA301-20230516T181500,2023-05-16,v2,6,False
CAMHDA301-20230516T211500,2023-05-16,v2,11,False
CAMHDA301-20230523T001500,2023-05-23,v2,8,False
CAMHDA301-20230523T031500,2023-05-23,v2,7,False
CAMHDA301-20230523T091500,2023-05-23,v2,6,False
CAMHDA301-20230523T121500,2023-05-23,v2,2,False
CAMHDA301-20230523T151500,2023-05-23,v2,8,False
CAMHDA301-20230523T181500,2023-05-23,v2,9,False
CAMHDA301-20230523T211500,2023-05-23,v2,13,False
CAMHDA301-20230530T001500,2023-05-30,v2,16,False
CAMHDA301-20230530T031500,2023-05-30,v2,7,False
CAMHDA301-20230530T091500,2023-05-30,v2,9,False
CAMHDA301-20230530T121500,2023-05-30,v2,14,False
CAMHDA301-20230530T151500,2023-05-30,v2,5,False
CAMHDA301-20230530T181500,2023-05-30,v2,2,False
CAMHDA301-20230606T061500,2023-06-06,v2,3,False
CAMHDA301-20230606T091500,2023-06-06,v2,6,False
CAMHDA301-20230606T121500,2023-06-06,v2,2,False
CAMHDA301-20230606T181500,2023-06-06,v2,11,False
CAMHDA301-20230613T031500,2023-06-13,v2,8,False
CAMHDA301-20230613T061500,2023-06-13,v2,9,False
CAMHDA301-20230613T091500,2023-06-13,v2,15,False
CAMHDA301-20230613T121500,2023-06-13,v2,12,False
CAMHDA301-20230613T181500,2023-06-13,v2,8,False
CAMHDA301-20230613T211500,2023-06-13,v2,12,False
CAMHDA301-20230627T061500,2023-06-27,v2,10,False
CAMHDA301-20230627T091500,2023-06-27,v2,10,False
CAMHDA301-20230627T121500,2023-06-27,v2,9,False
CAMHDA301-20230627T151500,2023-06-27,v2,24,False
CAMHDA301-20230627T181500,2023-06-27,v2,9,False
CAMHDA301-20230627T211500,2023-06-27,v2,8,False
CAMHDA301-20230704T001500,2023-07-04,v2,6,False
CAMHDA301-20230704T031500,2023-07-04,v2,9,False
CAMHDA301-20230704T061500,2023-07-04,v2,0,False
CAMHDA301-20230704T091500,2023-07-04,v2,13,False
CAMHDA301-20230704T121500,2023-07-04,v2,10,False
CAMHDA301-20230704T151500,2023-07-04,v2,6,False
CAMHDA301-20230704T181500,2023-07-04,v2,11,False
CAMHDA301-20230704T211500,2023-07-04,v2,10,False
CAMHDA301-20230711T001500,2023-07-11,v2,5,False
CAMHDA301-20230711T031500,2023-07-11,v2,8,False
CAMHDA301-20230711T121500,2023-07-11,v2,4,False
CAMHDA301-20230711T151500,2023-07-11,v2,6,False
CAMHDA301-20230711T181500,2023-07-11,v2,12,False
CAMHDA301-20230711T211500,2023-07-11,v2,19,False
CAMHDA301-20230718T001500,2023-07-18,v2,12,False
CAMHDA301-20230718T031500,2023-07-18,v2,1,False
CAMHDA301-20230718T061500,2023-07-18,v2,4,False
CAMHDA301-20230718T091500,2023-07-18,v2,10,False
CAMHDA301-20230718T121500,2023-07-18,v2,16,False
CAMHDA301-20230718T151500,2023-07-18,v2,12,False
CAMHDA301-20230718T181500,2023-07-18,v2,16,False
CAMHDA301-20230801T091500,2023-08-01,v2,10,False
CAMHDA301-20230801T121500,2023-08-01,v2,11,False
CAMHDA301-20230801T151500,2023-08-01,v2,12,False
CAMHDA301-20230808T001500,2023-08-08,v2,10,False
CAMHDA301-20230808T031500,2023-08-08,v2,6,False
CAMHDA301-20230808T061500,2023-08-08,v2,13,False
CAMHDA301-20230808T091500,2023-08-08,v2,20,False
CAMHDA301-20230808T121500,2023-08-08,v2,3,False
CAMHDA301-20230808T151500,2023-08-08,v2,11,False
CAMHDA301-20230808T181500,2023-08-08,v2,20,False
