week_start,eq_count_all,eq_count_mc,eq_max_mw
2016-12-26,3,0,0.23
2017-01-02,16,6,0.92
2017-01-09,19,6,0.84
2017-01-16,40,11,0.79
2017-01-23,40,24,1.94
2017-01-30,8,1,0.43
2017-02-06,6,1,0.3
2017-02-13,19,3,0.69
2017-02-20,33,12,0.7
2017-02-27,43,16,0.91
2017-03-06,43,12,1.3
2017-03-13,29,9,0.68
2017-03-20,37,10,0.79
2017-03-27,55,10,1.13
2017-04-03,37,3,0.45
2017-04-10,45,10,0.73
2017-04-17,28,5,1.04
2017-04-24,27,6,0.41
2017-05-01,31,5,1.08
2017-05-08,40,8,0.78
2017-05-15,38,15,1.39
2017-05-22,20,3,0.29
2017-05-29,46,6,1.2
2017-06-05,40,6,0.79
2017-06-12,25,4,0.97
2017-06-19,38,9,0.84
2017-06-26,60,14,1.06
2017-07-03,67,12,0.86
2017-07-10,34,5,1.0
2017-07-17,31,7,0.63
2017-07-24,13,3,0.88
2017-07-31,52,12,0.72
2017-08-07,54,11,1.08
2017-08-14,69,15,0.63
2017-08-21,85,24,1.25
2017-08-28,62,13,0.98
2017-09-04,72,12,0.52
2017-09-11,108,26,1.34
2017-09-18,71,29,1.16
2017-09-25,91,26,0.93
2017-10-02,50,15,1.13
2017-10-09,48,17,1.0
2017-10-16,53,21,0.85
2017-10-23,72,21,1.24
2017-10-30,60,21,1.17
2017-11-06,80,33,1.09
2017-11-13,28,9,0.75
2017-11-20,37,15,0.7
2017-11-27,34,19,0.84
2017-12-04,58,32,1.07
2017-12-11,34,26,1.01
2017-12-18,6,3,0.59
2017-12-25,3,2,1.01
2018-01-01,3,1,0.45
2018-01-08,11,6,1.22
2018-01-15,13,5,0.92
2018-01-22,45,14,0.63
2018-01-29,88,30,1.46
2018-02-05,42,9,0.91
2018-02-12,130,45,1.29
2018-02-19,142,44,1.14
2018-02-26,135,49,1.62
2018-03-05,117,26,1.07
2018-03-12,166,54,1.04
2018-03-19,191,63,1.19
2018-03-26,123,30,0.99
2018-04-02,180,56,1.01
2018-04-09,266,80,1.09
2018-04-16,316,72,1.1
2018-04-23,278,66,1.18
2018-04-30,197,46,1.2
2018-05-07,292,66,1.05
2018-05-14,396,76,1.23
2018-05-21,178,51,1.3
2018-05-28,291,72,1.17
2018-06-04,364,81,1.43
2018-06-11,175,43,1.02
2018-06-18,18,3,0.96
2018-06-25,10,5,0.77
2018-07-02,16,0,0.19
2018-07-09,18,1,0.29
2018-07-16,47,14,1.51
2018-07-23,89,15,0.78
2018-07-30,282,62,1.0
2018-08-06,154,39,1.73
2018-08-13,73,18,0.95
2018-08-20,247,63,1.17
2018-08-27,488,99,1.04
2018-09-03,590,130,1.75
2018-09-10,565,134,1.47
2018-09-17,616,147,1.55
2018-09-24,239,58,1.21
2018-10-01,367,94,1.24
2018-10-08,331,98,1.43
2018-10-15,46,9,1.07
2018-10-22,32,12,0.83
2018-10-29,177,58,1.16
2018-11-05,416,123,1.78
2018-11-12,355,126,1.37
2018-11-19,265,94,1.27
2018-11-26,204,96,1.33
2018-12-03,234,85,1.32
2018-12-10,186,95,1.19
2018-12-17,32,13,0.77
2018-12-24,34,18,1.69
2018-12-31,70,41,0.99
2019-01-07,260,154,1.29
2019-01-14,395,177,1.31
2019-01-21,472,177,2.1
2019-01-28,419,139,1.38
2019-02-04,227,95,1.5
2019-02-11,351,125,1.51
2019-02-18,263,86,1.59
2019-02-25,481,155,1.78
2019-03-04,469,106,1.3
2019-03-11,442,121,1.83
2019-03-18,663,258,1.83
2019-03-25,572,148,1.57
2019-04-01,320,61,1.24
2019-04-08,245,50,1.32
2019-04-15,424,92,1.38
2019-04-22,349,86,1.63
2019-04-29,538,149,1.4
2019-05-06,344,126,1.66
2019-05-13,24,10,0.73
2019-05-20,12,3,0.33
2019-05-27,33,8,1.13
2019-06-03,31,10,1.11
2019-06-10,11,0,0.16
2019-06-17,23,6,1.05
2019-06-24,14,1,1.01
2019-07-01,22,5,0.61
2019-07-08,38,5,1.2
2019-07-15,339,331,2.16
2019-07-22,186,161,2.15
2019-07-29,74,69,2.09
2019-08-05,159,146,2.29
2019-08-12,256,58,1.45
2019-08-19,25,2,0.44
2019-08-26,0,0,
2019-09-02,44,8,0.7
2019-09-09,96,28,1.37
2019-09-16,173,66,1.23
2019-09-23,86,20,1.3
2019-09-30,175,34,0.83
2019-10-07,300,95,1.41
2019-10-14,351,117,1.77
2019-10-21,259,87,1.16
2019-10-28,228,87,1.46
2019-11-04,228,82,1.42
2019-11-11,367,105,1.45
2019-11-18,226,105,1.29
2019-11-25,164,77,1.3
2019-12-02,291,136,1.44
2019-12-09,293,123,1.61
2019-12-16,378,199,1.24
2019-12-23,160,85,1.65
2019-12-30,130,67,2.08
2020-01-06,334,145,1.77
2020-01-13,150,56,1.24
2020-01-20,180,66,1.57
2020-01-27,297,89,1.27
2020-02-03,236,77,1.22
2020-02-10,348,105,1.53
2020-02-17,360,73,1.11
2020-02-24,330,80,1.6
2020-03-02,464,141,1.16
2020-03-09,199,57,1.51
2020-03-16,180,42,1.31
2020-03-23,326,81,1.6
2020-03-30,151,37,1.42
2020-04-06,351,77,1.02
2020-04-13,407,70,1.24
2020-04-20,603,143,1.42
2020-04-27,562,124,1.88
2020-05-04,359,60,1.31
2020-05-11,0,0,
2020-05-18,0,0,
2020-05-25,0,0,
2020-06-01,414,90,1.27
2020-06-08,251,51,1.77
2020-06-15,386,78,1.59
2020-06-22,231,46,1.5
2020-06-29,172,44,1.07
2020-07-06,623,118,1.47
2020-07-13,641,110,1.51
2020-07-20,515,95,1.89
2020-07-27,625,97,1.17
2020-08-03,561,180,2.28
2020-08-10,431,116,1.59
2020-08-17,263,47,1.29
2020-08-24,402,76,1.13
2020-08-31,284,82,1.4
2020-09-07,572,247,2.03
2020-09-14,76,19,0.77
2020-09-21,74,17,0.84
2020-09-28,120,36,1.29
2020-10-05,161,44,1.18
2020-10-12,124,56,1.51
2020-10-19,90,29,0.83
2020-10-26,53,17,1.29
2020-11-02,42,17,1.42
2020-11-09,53,19,1.26
2020-11-16,24,11,0.78
2020-11-23,55,23,1.04
2020-11-30,116,52,1.04
2020-12-07,55,24,0.86
2020-12-14,62,27,0.91
2020-12-21,140,64,1.58
2020-12-28,129,53,1.28
2021-01-04,126,51,1.31
2021-01-11,133,60,0.91
2021-01-18,218,49,1.02
2021-01-25,101,34,1.19
2021-02-01,60,16,1.29
2021-02-08,205,51,1.14
2021-02-15,105,40,1.49
2021-02-22,102,27,1.05
2021-03-01,90,30,1.24
2021-03-08,177,45,1.39
2021-03-15,90,33,0.97
2021-03-22,89,22,1.07
2021-03-29,152,38,1.2
2021-04-05,144,25,1.07
2021-04-12,174,47,1.3
2021-04-19,183,38,1.3
2021-04-26,116,16,0.58
2021-05-03,308,55,1.75
2021-05-10,624,98,1.66
2021-05-17,166,39,0.88
2021-05-24,152,23,0.95
2021-05-31,157,70,1.73
2021-06-07,300,76,2.08
2021-06-14,230,75,2.04
2021-06-21,285,83,1.12
2021-06-28,139,60,1.04
2021-07-05,197,65,1.22
2021-07-12,170,37,0.94
2021-07-19,88,19,1.32
2021-07-26,50,19,1.53
2021-08-02,31,8,0.56
2021-08-09,86,36,1.32
2021-08-16,85,30,1.12
2021-08-23,99,16,1.21
2021-08-30,111,27,0.72
2021-09-06,281,87,1.43
2021-09-13,164,51,1.0
2021-09-20,245,59,1.31
2021-09-27,268,70,1.24
2021-10-04,126,43,1.66
2021-10-11,60,23,1.29
2021-10-18,48,29,1.25
2021-10-25,214,115,1.62
2021-11-01,49,15,0.92
2021-11-08,37,28,0.98
2021-11-15,40,15,0.91
2021-11-22,53,26,1.13
2021-11-29,101,61,0.95
2021-12-06,52,31,1.77
2021-12-13,89,66,1.18
2021-12-20,65,45,1.42
2021-12-27,53,28,1.22
2022-01-03,68,45,1.03
2022-01-10,220,126,1.81
2022-01-17,390,238,1.58
2022-01-24,478,221,2.15
2022-01-31,106,42,1.02
2022-02-07,48,17,0.62
2022-02-14,170,69,1.55
2022-02-21,305,117,1.77
2022-02-28,239,83,1.43
2022-03-07,248,124,1.68
2022-03-14,373,113,1.63
2022-03-21,519,168,1.32
2022-03-28,308,83,1.26
2022-04-04,134,51,1.99
2022-04-11,286,101,1.44
2022-04-18,322,72,1.62
2022-04-25,168,58,1.56
2022-05-02,43,16,0.94
2022-05-09,122,42,1.58
2022-05-16,46,10,0.9
2022-05-23,55,20,1.09
2022-05-30,62,9,1.62
2022-06-06,263,60,1.55
2022-06-13,120,20,0.7
2022-06-20,113,42,1.4
2022-06-27,273,62,1.06
2022-07-04,258,56,1.58
2022-07-11,360,71,1.14
2022-07-18,182,49,1.14
2022-07-25,252,59,0.9
2022-08-01,214,63,1.08
2022-08-08,199,44,1.49
2022-08-15,65,18,1.08
2022-08-22,70,10,1.33
2022-08-29,31,4,0.71
2022-09-05,27,8,0.93
2022-09-12,32,6,1.02
2022-09-19,44,14,1.08
2022-09-26,57,18,0.8
2022-10-03,43,9,0.54
2022-10-10,63,16,1.45
2022-10-17,38,11,1.12
2022-10-24,262,129,1.25
2022-10-31,48,47,1.44
2022-11-07,23,23,1.44
2022-11-14,17,17,1.77
2022-11-21,26,26,1.49
2022-11-28,17,6,1.01
2022-12-05,19,8,1.27
2022-12-12,20,14,0.72
2022-12-19,79,34,1.21
2022-12-26,38,18,0.9
2023-01-02,32,17,0.84
2023-01-09,17,6,0.74
2023-01-16,19,9,0.85
2023-01-23,61,24,2.11
2023-01-30,43,13,0.91
2023-02-06,24,6,0.4
2023-02-13,18,7,0.6
2023-02-20,48,27,1.36
2023-02-27,46,12,0.76
2023-03-06,44,10,0.62
2023-03-13,62,7,0.52
2023-03-20,42,8,1.07
2023-03-27,60,10,1.04
2023-04-03,134,35,1.07
2023-04-10,485,130,1.27
2023-04-17,229,60,1.63
2023-04-24,121,30,1.69
2023-05-01,64,16,1.5
2023-05-08,86,17,0.73
2023-05-15,202,32,1.16
2023-05-22,151,33,1.76
2023-05-29,136,24,0.95
2023-06-05,121,21,1.12
2023-06-12,74,12,0.99
2023-06-19,37,9,0.42
2023-06-26,167,12,1.28
2023-07-03,40,6,1.12
2023-07-10,57,8,0.8
2023-07-17,29,4,0.97
2023-07-24,34,6,0.59
2023-07-31,72,2,0.4
2023-08-07,55,8,0.73
2023-08-14,49,6,0.7
2023-08-21,103,29,0.74
2023-08-28,72,15,1.03
2023-09-04,161,20,0.66
2023-09-11,278,94,0.88
2023-09-18,47,10,1.6
2023-09-25,67,16,0.73
2023-10-02,112,29,0.9
2023-10-09,179,43,1.05
2023-10-16,266,76,1.49
2023-10-23,436,123,1.55
2023-10-30,317,124,1.11
2023-11-06,586,262,1.53
2023-11-13,227,100,1.44
2023-11-20,103,45,1.42
2023-11-27,0,0,
2023-12-04,0,0,
2023-12-11,53,32,0.99
2023-12-18,287,135,1.0
2023-12-25,73,54,1.07
2024-01-01,147,64,1.33
2024-01-08,177,105,1.66
2024-01-15,135,61,1.28
2024-01-22,268,91,1.19
2024-01-29,172,69,1.41
2024-02-05,1100,371,1.73
2024-02-12,275,91,1.74
2024-02-19,168,44,1.32
2024-02-26,284,80,1.54
2024-03-04,242,74,1.22
2024-03-11,617,169,1.52
2024-03-18,574,95,1.33
2024-03-25,830,208,1.33
2024-04-01,810,306,1.91
2024-04-08,779,138,1.33
2024-04-15,1397,274,1.59
2024-04-22,1366,291,1.64
2024-04-29,1358,270,1.68
2024-05-06,978,176,1.85
2024-05-13,892,176,1.7
2024-05-20,1436,259,1.61
2024-05-27,1156,233,1.71
2024-06-03,1651,299,1.47
2024-06-10,1603,417,1.71
2024-06-17,2517,443,1.73
2024-06-24,925,208,1.76
2024-07-01,596,110,1.09
2024-07-08,1341,270,1.8
2024-07-15,1935,279,1.28
2024-07-22,2133,452,2.08
2024-07-29,2628,468,1.87
2024-08-05,2094,400,1.73
2024-08-12,2629,469,1.85
2024-08-19,1400,250,1.67
2024-08-26,2279,598,1.93
2024-09-02,1129,219,1.26
2024-09-09,1251,302,2.05
2024-09-16,1380,429,1.63
2024-09-23,1371,345,2.02
2024-09-30,982,264,1.08
2024-10-07,1445,580,2.12
2024-10-14,854,221,1.99
2024-10-21,549,184,1.39
2024-10-28,506,174,1.72
2024-11-04,1083,386,2.0
2024-11-11,818,303,1.39
2024-11-18,1042,596,1.55
2024-11-25,570,288,2.01
2024-12-02,907,398,2.15
2024-12-09,886,390,1.63
2024-12-16,487,274,1.38
2024-12-23,1656,936,2.07
2024-12-30,212,117,1.87
