week_start,mean_worms_per_frame,sem,n_recordings,regime
2020-12-29,3.789090909090909,0.677105409472698,11,provisional_early2021
2021-01-05,3.0748484848484847,0.24012785467996997,33,provisional_early2021
2021-01-12,3.573571428571428,0.42970934099621744,14,provisional_early2021
2021-01-19,3.375,0.38094650293084215,28,provisional_early2021
2021-01-26,4.400666666666666,0.31982464064903365,30,provisional_early2021
2021-02-02,5.614583333333333,1.1981344162522884,24,provisional_early2021
2021-02-09,3.5964705882352943,0.33222790385300793,34,provisional_early2021
2021-02-16,4.05,0.28101646233066196,35,provisional_early2021
2021-02-23,4.128571428571429,0.3292847208282649,35,provisional_early2021
2021-03-02,6.675277777777778,1.2158695683827372,36,provisional_early2021
2021-03-09,6.523333333333333,0.7212463784199117,33,provisional_early2021
2021-03-16,6.48102564102564,0.4979454136102319,39,provisional_early2021
2021-03-23,7.533636363636364,0.5571117037123015,33,provisional_early2021
2021-03-30,6.331470588235295,0.5866824356300575,34,provisional_early2021
2021-04-06,5.787222222222223,0.34737533132231413,36,provisional_early2021
2021-04-13,7.4750000000000005,0.5109931000577165,34,provisional_early2021
2021-04-20,9.181666666666667,1.0207346016394894,36,provisional_early2021
2021-04-27,8.700882352941177,1.0093420464748344,34,provisional_early2021
2021-05-04,7.456315789473685,0.6227909947918571,38,provisional_early2021
2021-05-11,6.140789473684211,0.5011473864316804,38,provisional_early2021
2021-05-18,4.863235294117647,0.7138534579751951,34,provisional_early2021
2021-05-25,3.1271428571428572,0.29997833129101525,28,provisional_early2021
2021-06-01,3.473333333333333,0.7634292259316092,18,provisional_early2021
2021-06-08,4.3356,0.6279249105851219,25,provisional_early2021
2021-06-15,6.2165,0.45274611524760194,40,provisional_early2021
2021-06-22,8.046764705882353,0.6880792611491582,34,provisional_early2021
2021-06-29,9.182222222222222,0.984084709793513,36,provisional_early2021
2021-07-06,9.116923076923078,0.6264890659674827,39,provisional_early2021
2021-07-13,8.44051282051282,0.6619562621083003,39,provisional_early2021
2021-07-20,10.20972972972973,1.0354941434378409,37,provisional_early2021
2021-07-27,8.98861111111111,0.7756153883205563,36,provisional_early2021
2021-08-03,6.867222222222222,1.1498329492963217,36,provisional_early2021
2021-08-10,4.435769230769231,0.6583637463326844,26,provisional_early2021
2021-08-17,4.984411764705882,0.9327367769313962,34,provisional_early2021
2021-08-24,7.316999999999999,1.7617643422720162,30,provisional_early2021
2021-08-31,4.0016,0.4189406004037645,25,clear_validated
2021-09-07,4.497368421052632,0.6674821252379467,38,clear_validated
2021-09-14,5.7945714285714285,0.8585815293243845,35,clear_validated
2021-09-21,4.955675675675676,0.4705735016993442,37,clear_validated
2021-09-28,4.881351351351351,0.3510606327861564,37,clear_validated
2021-10-05,4.763214285714286,0.47044503684368294,28,clear_validated
2021-10-12,5.625249999999999,0.4004345376091534,40,clear_validated
2021-10-19,5.188823529411764,0.49487241819104616,34,clear_validated
2021-10-26,6.332058823529412,0.5503992683669309,34,clear_validated
2021-11-02,4.516249999999999,0.7306917893827934,8,clear_validated
2021-11-09,4.967878787878788,0.5092711959810947,33,clear_validated
2021-11-16,6.6235897435897435,0.4796214891961329,39,clear_validated
2021-11-23,4.2389743589743585,0.3639248107287273,39,clear_validated
2021-11-30,6.388999999999999,0.8034207540547961,30,clear_validated
2021-12-07,5.4744117647058825,0.6419088055543499,34,clear_validated
2021-12-14,6.536470588235295,0.610671131105723,34,clear_validated
2021-12-21,5.256216216216216,0.4962879249056034,37,clear_validated
2021-12-28,6.173055555555555,0.7029366766220041,36,clear_validated
2022-01-04,5.42969696969697,0.5614109802961299,33,clear_validated
2022-01-11,5.941944444444444,0.5176526413094727,36,clear_validated
2022-01-18,4.644,0.6734026477898791,35,clear_validated
2022-01-25,5.24375,0.402137826784262,40,clear_validated
2022-02-01,5.834333333333333,0.9188838410865445,30,clear_validated
2022-02-08,5.480277777777777,0.5612844518518686,36,clear_validated
2022-02-15,5.189411764705882,0.3900271806371122,34,clear_validated
2022-02-22,5.199142857142857,0.4971690227828822,35,clear_validated
2022-03-01,5.457857142857143,0.7197261220338147,14,clear_validated
2022-03-08,5.865277777777778,0.6037357887000896,36,clear_validated
2022-03-15,4.3175675675675675,0.5011181799147302,37,clear_validated
2022-03-22,6.507714285714286,0.556975790508425,35,clear_validated
2022-03-29,6.019090909090909,0.4505926996653803,33,clear_validated
2022-04-05,4.644,0.5214466302847246,35,clear_validated
2022-04-12,5.352941176470588,0.423075390434615,34,clear_validated
2022-04-19,12.346944444444444,1.8096567603797153,36,clear_validated
2022-04-26,17.02307692307692,0.9743165467714131,39,clear_validated
2022-05-03,18.46891891891892,1.3825629453538208,37,clear_validated
2022-05-10,19.63216216216216,1.2543280109402404,37,clear_validated
2022-05-17,20.321578947368423,1.3245229703743109,38,clear_validated
2022-05-24,19.861,1.1177723267101285,40,clear_validated
2022-05-31,17.971818181818183,1.480339555549509,33,clear_validated
2022-06-07,16.849473684210526,1.1025867004721652,38,clear_validated
2022-06-14,13.294285714285715,1.49247199406261,21,clear_validated
2022-06-21,22.048499999999997,1.0621439101635126,40,clear_validated
2022-06-28,19.482432432432432,1.0968901169850835,37,clear_validated
2022-07-05,16.56275,0.9307762811636978,40,clear_validated
2022-07-12,19.375,1.0872060168509567,40,clear_validated
2022-07-19,15.634102564102564,0.9050150957911219,39,clear_validated
2022-07-26,17.03236842105263,1.064029916624686,38,clear_validated
2022-08-02,12.463684210526315,1.1517318532910141,38,clear_validated
2022-08-09,16.80974358974359,1.5124952565558163,39,clear_validated
2022-08-16,18.645249999999997,0.8682697934944367,40,clear_validated
2022-08-23,21.146250000000002,0.8957866251985545,40,clear_validated
2022-08-30,18.5415,2.4016148377596624,20,clear_validated
2022-09-06,22.36125,1.214778875493871,40,clear_validated
2022-09-13,15.595714285714287,0.9546162311942658,35,clear_validated
2022-09-20,19.84657894736842,1.375864413470836,38,clear_validated
2022-09-27,17.52230769230769,1.4907483226927105,39,clear_validated
2022-10-04,16.6675,1.1164402994821052,40,clear_validated
2022-10-11,21.80575,1.1374253927350404,40,clear_validated
2022-10-18,20.76078947368421,1.6679828015041547,38,clear_validated
2022-10-25,25.253030303030304,1.519923149276355,33,clear_validated
2022-11-01,18.28081081081081,1.7517441492184516,37,clear_validated
2022-11-08,17.485384615384618,1.4319179613595001,39,clear_validated
2022-11-15,21.91,1.20221478306307,40,clear_validated
2022-11-22,22.98575,1.1274657813614681,40,clear_validated
2022-11-29,24.444000000000003,1.9111305056232577,15,clear_validated
2022-12-06,22.3615,0.9499376194094172,40,clear_validated
2022-12-13,20.90275,1.5441307399268949,40,clear_validated
2022-12-20,24.02825,1.5634383905231244,40,clear_validated
2022-12-27,23.49527777777778,1.4708885386165431,36,clear_validated
2023-01-03,20.1735,1.573375252728171,40,clear_validated
2023-01-10,17.96333333333333,1.3982512340098119,30,clear_validated
2023-01-17,19.08871794871795,1.3601656632593475,39,clear_validated
2023-01-24,22.22175,1.236182029968867,40,clear_validated
2023-01-31,19.524285714285714,2.4364592468302413,35,clear_validated
2023-02-07,19.087179487179487,1.3035494960399105,39,clear_validated
2023-02-14,17.48589743589744,1.3360355740225662,39,clear_validated
2023-02-21,17.806153846153848,1.0565683391279463,39,clear_validated
2023-02-28,19.484722222222224,2.6062453223622484,36,clear_validated
2023-03-07,18.553846153846155,1.5326407055929872,39,clear_validated
2023-03-14,17.34307692307692,1.7074487188125593,39,clear_validated
2023-03-21,18.29925,1.0928642904641888,40,clear_validated
2023-03-28,18.384736842105262,2.4143885818777937,38,clear_validated
2023-04-04,17.03236842105263,1.1019771726659717,38,clear_validated
2023-04-11,11.70175,0.6229825786241786,40,clear_validated
2023-04-18,11.696052631578947,1.080789286653136,38,clear_validated
2023-04-25,10.29205128205128,0.8847641389529852,39,clear_validated
2023-05-02,11.11051282051282,1.267319418536193,39,clear_validated
2023-05-09,10.307105263157895,0.9438240448203487,38,clear_validated
2023-05-16,8.95775,0.6385126434404671,40,clear_validated
2023-05-23,8.7155,0.6309134556034911,40,clear_validated
2023-05-30,10.209999999999999,0.6771038839570113,37,clear_validated
2023-06-06,9.097750000000001,0.7306856182767048,40,clear_validated
2023-06-13,9.582333333333334,0.7631907737178973,30,clear_validated
2023-06-20,13.8453125,1.105986731419326,32,clear_validated
2023-06-27,13.030588235294118,1.2314498028606373,34,clear_validated
2023-07-04,15.4515,1.4048773351873383,40,clear_validated
2023-07-11,16.909,1.0608355318526173,40,clear_validated
2023-07-18,14.583124999999999,1.6143281982775473,32,clear_validated
2023-07-25,15.331153846153846,1.555035129647517,26,clear_validated
2023-08-01,14.802631578947368,1.3118733244393714,38,clear_validated
2023-08-08,21.006875,1.4113367536812989,16,provisional_blurry2023
2023-08-08,16.019333333333336,2.819531448184536,15,clear_validated
2023-08-15,17.2215,0.9086430111957456,40,provisional_blurry2023
2023-08-22,16.263225806451615,1.0270280107472831,31,provisional_blurry2023
2023-08-29,2.960434782608696,0.36308977007178067,23,provisional_blurry2023
2023-09-05,2.8693548387096777,0.2947887654458537,31,provisional_blurry2023
2023-09-12,3.3517647058823528,0.2997029041640927,34,provisional_blurry2023
2023-09-19,2.555483870967742,0.30958690433449293,31,provisional_blurry2023
2023-09-26,4.211612903225807,0.4292033372221403,31,provisional_blurry2023
2023-10-03,2.4053846153846155,0.2836543024768168,26,provisional_blurry2023
2023-10-10,2.872333333333333,0.2740759536195951,30,provisional_blurry2023
2023-10-17,2.2703333333333333,0.21578431298822617,30,provisional_blurry2023
2023-10-24,1.467222222222222,0.07722222222222223,18,provisional_blurry2023
2023-10-31,1.9459999999999997,0.2269860494979078,10,provisional_blurry2023
2023-11-07,1.698888888888889,0.20431079568776558,9,provisional_blurry2023
2023-11-14,3.8588888888888895,1.3843875946950983,9,provisional_blurry2023
2023-11-21,5.173448275862069,0.5549744315465898,29,provisional_blurry2023
2023-12-12,3.528461538461538,0.37295570327787597,13,provisional_blurry2023
2023-12-19,2.3587878787878784,0.24560676163136266,33,provisional_blurry2023
2023-12-26,2.059259259259259,0.15510305913570901,27,provisional_blurry2023
