stem,decision,scene1_time_s,decided_at_utc
CAMHDA301-20230102T001500,scene1,210,2026-07-27T18:07:08+00:00
CAMHDA301-20230102T031500,not_scene1,,2026-07-27T18:07:19+00:00
CAMHDA301-20230102T061500,not_scene1,,2026-07-27T18:07:29+00:00
CAMHDA301-20230102T091500,not_scene1,,2026-07-27T18:07:37+00:00
CAMHDA301-20230102T121500,not_scene1,,2026-07-27T18:07:51+00:00
CAMHDA301-20230102T151500,not_scene1,,2026-07-27T18:07:59+00:00
CAMHDA301-20230102T181500,not_scene1,,2026-07-27T18:08:07+00:00
CAMHDA301-20230102T211500,not_scene1,,2026-07-27T18:08:14+00:00
CAMHDA301-20230109T001500,scene1,300,2026-07-27T18:08:44+00:00
CAMHDA301-20230109T031500,scene1,210,2026-07-27T18:08:54+00:00
CAMHDA301-20230109T061500,scene1,300,2026-07-27T18:17:12+00:00
CAMHDA301-20230109T091500,scene1,210,2026-07-27T18:17:22+00:00
CAMHDA301-20230109T121500,scene1,180,2026-07-27T18:17:35+00:00
CAMHDA301-20230109T151500,scene1,210,2026-07-27T18:20:26+00:00
CAMHDA301-20230109T181500,scene1,210,2026-07-27T18:20:36+00:00
CAMHDA301-20230109T211500,scene1,210,2026-07-27T18:20:48+00:00
CAMHDA301-20230116T001500,scene1,420,2026-07-27T18:21:07+00:00
CAMHDA301-20230116T031500,scene1,300,2026-07-27T18:21:25+00:00
CAMHDA301-20230116T061500,not_scene1,,2026-07-27T18:21:37+00:00
CAMHDA301-20230116T091500,scene1,210,2026-07-27T18:21:49+00:00
CAMHDA301-20230116T121500,scene1,420,2026-07-27T18:22:42+00:00
CAMHDA301-20230116T151500,scene1,420,2026-07-27T18:23:09+00:00
CAMHDA301-20230116T181500,scene1,240,2026-08-25T20:32:29+00:00
CAMHDA301-20230116T211500,scene1,210,2026-08-25T20:32:41+00:00
CAMHDA301-20230123T001500,scene1,420,2026-08-25T20:32:55+00:00
CAMHDA301-20230123T031500,scene1,210,2026-08-25T20:33:02+00:00
CAMHDA301-20230123T061500,scene1,210,2026-08-25T20:33:13+00:00
CAMHDA301-20230123T091500,scene1,420,2026-08-25T20:33:29+00:00
CAMHDA301-20230123T121500,scene1,210,2026-08-25T20:33:38+00:00
CAMHDA301-20230123T151500,scene1,210,2026-08-25T20:33:54+00:00
CAMHDA301-20230123T181500,scene1,420,2026-08-25T20:34:03+00:00
CAMHDA301-20230123T211500,scene1,420,2026-08-25T20:35:52+00:00
CAMHDA301-20230130T001500,scene1,420,2026-08-25T20:36:10+00:00
CAMHDA301-20230130T031500,scene1,420,2026-08-25T20:36:19+00:00
CAMHDA301-20230130T061500,scene1,180,2026-08-25T20:36:31+00:00
CAMHDA301-20230130T091500,not_scene1,,2026-08-25T20:36:47+00:00
CAMHDA301-20230130T121500,scene1,420,2026-08-25T20:36:58+00:00
CAMHDA301-20230130T151500,scene1,210,2026-08-25T20:37:07+00:00
CAMHDA301-20230130T181500,scene1,180,2026-08-25T20:37:15+00:00
CAMHDA301-20230130T211500,scene1,180,2026-08-25T20:37:24+00:00
CAMHDA301-20230206T001500,scene1,210,2026-08-25T20:37:34+00:00
CAMHDA301-20230206T031500,scene1,210,2026-08-25T20:37:39+00:00
CAMHDA301-20230206T061500,scene1,210,2026-08-25T20:37:45+00:00
CAMHDA301-20230206T091500,scene1,420,2026-08-25T20:37:53+00:00
CAMHDA301-20230206T121500,scene1,210,2026-08-25T20:38:02+00:00
CAMHDA301-20230206T151500,scene1,210,2026-08-25T20:38:08+00:00
CAMHDA301-20230206T181500,scene1,420,2026-08-25T20:38:17+00:00
CAMHDA301-20230206T211500,scene1,420,2026-08-25T20:38:25+00:00
CAMHDA301-20230213T001500,scene1,210,2026-08-25T20:38:31+00:00
CAMHDA301-20230213T031500,scene1,180,2026-08-25T20:38:45+00:00
CAMHDA301-20230213T061500,scene1,420,2026-08-25T20:38:50+00:00
CAMHDA301-20230213T091500,scene1,210,2026-08-25T20:39:01+00:00
CAMHDA301-20230213T121500,scene1,420,2026-08-25T20:39:09+00:00
CAMHDA301-20230213T151500,scene1,210,2026-08-25T20:39:23+00:00
CAMHDA301-20230213T181500,scene1,210,2026-08-25T20:39:31+00:00
CAMHDA301-20230213T211500,scene1,420,2026-08-25T20:40:07+00:00
CAMHDA301-20230220T001500,not_scene1,,2026-08-25T20:40:13+00:00
CAMHDA301-20230220T031500,scene1,240,2026-08-25T21:17:29+00:00
CAMHDA301-20230220T061500,not_scene1,,2026-08-25T21:17:44+00:00
CAMHDA301-20230220T091500,not_scene1,,2026-08-25T21:17:49+00:00
CAMHDA301-20230220T121500,not_scene1,,2026-08-25T21:17:53+00:00
CAMHDA301-20230220T151500,not_scene1,,2026-08-25T21:17:59+00:00
CAMHDA301-20230220T181500,not_scene1,,2026-08-25T21:18:02+00:00
CAMHDA301-20230220T211500,not_scene1,,2026-08-25T21:18:07+00:00
CAMHDA301-20230227T001500,not_scene1,,2026-08-25T21:18:21+00:00
CAMHDA301-20230227T031500,scene1,420,2026-08-25T21:18:33+00:00
CAMHDA301-20230227T061500,scene1,210,2026-08-25T21:18:46+00:00
CAMHDA301-20230227T091500,scene1,180,2026-08-25T21:19:07+00:00
CAMHDA301-20230227T121500,scene1,420,2026-08-25T21:19:14+00:00
CAMHDA301-20230227T151500,scene1,420,2026-08-25T21:19:21+00:00
CAMHDA301-20230227T181500,scene1,210,2026-08-25T21:19:27+00:00
CAMHDA301-20230227T211500,scene1,210,2026-08-25T21:19:36+00:00
CAMHDA301-20230306T001500,scene1,210,2026-08-25T21:19:41+00:00
CAMHDA301-20230306T031500,scene1,210,2026-08-25T21:19:49+00:00
CAMHDA301-20230306T061500,scene1,180,2026-08-25T21:20:19+00:00
CAMHDA301-20230306T091500,scene1,210,2026-08-25T21:20:24+00:00
CAMHDA301-20230306T121500,scene1,210,2026-08-25T21:20:53+00:00
CAMHDA301-20230306T151500,scene1,420,2026-08-25T21:21:01+00:00
CAMHDA301-20230306T181500,scene1,420,2026-08-25T21:21:08+00:00
CAMHDA301-20230306T211500,scene1,420,2026-08-25T21:21:14+00:00
CAMHDA301-20230313T001500,scene1,210,2026-08-25T21:21:20+00:00
CAMHDA301-20230313T031500,scene1,210,2026-08-25T21:21:27+00:00
CAMHDA301-20230313T061500,scene1,210,2026-08-25T21:21:32+00:00
CAMHDA301-20230313T091500,scene1,210,2026-08-25T21:21:45+00:00
CAMHDA301-20230313T121500,scene1,420,2026-08-25T21:22:04+00:00
CAMHDA301-20230313T151500,scene1,420,2026-08-25T21:22:10+00:00
CAMHDA301-20230313T181500,scene1,180,2026-08-25T21:22:16+00:00
CAMHDA301-20230313T211500,not_scene1,,2026-08-25T21:22:24+00:00
CAMHDA301-20230320T001500,not_scene1,,2026-08-25T21:22:28+00:00
CAMHDA301-20230320T031500,scene1,420,2026-08-25T21:22:37+00:00
CAMHDA301-20230320T061500,not_scene1,,2026-08-25T21:22:42+00:00
CAMHDA301-20230320T091500,not_scene1,,2026-08-25T21:22:48+00:00
CAMHDA301-20230320T121500,not_scene1,,2026-08-25T21:22:52+00:00
CAMHDA301-20230320T151500,not_scene1,,2026-08-25T21:22:57+00:00
CAMHDA301-20230320T181500,not_scene1,,2026-08-25T21:23:03+00:00
CAMHDA301-20230320T211500,not_scene1,,2026-08-25T21:23:07+00:00
CAMHDA301-20230327T001500,not_scene1,,2026-08-25T21:23:21+00:00
CAMHDA301-20230327T031500,not_scene1,,2026-08-25T21:23:26+00:00
CAMHDA301-20230327T061500,scene1,420,2026-08-25T21:23:36+00:00
CAMHDA301-20230327T091500,scene1,210,2026-08-25T21:23:44+00:00
CAMHDA301-20230327T121500,scene1,420,2026-08-25T21:23:54+00:00
CAMHDA301-20230327T151500,scene1,210,2026-08-25T21:24:01+00:00
CAMHDA301-20230327T181500,scene1,210,2026-08-25T21:24:08+00:00
CAMHDA301-20230327T211500,scene1,210,2026-08-25T21:24:15+00:00
CAMHDA301-20230403T001500,not_scene1,,2026-08-25T21:24:20+00:00
CAMHDA301-20230403T031500,not_scene1,,2026-08-25T21:24:26+00:00
CAMHDA301-20230403T061500,not_scene1,,2026-08-25T21:24:34+00:00
CAMHDA301-20230403T091500,not_scene1,,2026-08-25T21:24:38+00:00
CAMHDA301-20230403T121500,not_scene1,,2026-08-25T21:24:41+00:00
CAMHDA301-20230403T151500,not_scene1,,2026-08-25T21:24:44+00:00
CAMHDA301-20230403T181500,not_scene1,,2026-08-25T21:24:48+00:00
CAMHDA301-20230403T211500,not_scene1,,2026-08-25T21:24:54+00:00
CAMHDA301-20230410T001500,not_scene1,,2026-08-25T21:24:59+00:00
CAMHDA301-20230410T031500,scene1,420,2026-08-25T21:25:08+00:00
CAMHDA301-20230410T061500,not_scene1,,2026-08-25T21:25:14+00:00
CAMHDA301-20230410T091500,not_scene1,,2026-08-25T21:25:23+00:00
CAMHDA301-20230410T121500,not_scene1,,2026-08-25T21:25:34+00:00
CAMHDA301-20230410T151500,not_scene1,,2026-08-25T21:25:38+00:00
CAMHDA301-20230410T181500,not_scene1,,2026-08-25T21:25:43+00:00
CAMHDA301-20230410T211500,not_scene1,,2026-08-25T21:25:48+00:00
CAMHDA301-20230417T001500,scene1,210,2026-08-25T21:25:55+00:00
CAMHDA301-20230417T031500,scene1,210,2026-08-25T21:26:00+00:00
CAMHDA301-20230417T061500,scene1,180,2026-08-25T21:26:06+00:00
CAMHDA301-20230417T091500,scene1,210,2026-08-25T21:26:11+00:00
CAMHDA301-20230417T121500,scene1,210,2026-08-25T21:26:17+00:00
CAMHDA301-20230417T151500,not_scene1,,2026-08-25T21:26:24+00:00
CAMHDA301-20230417T181500,scene1,420,2026-08-25T21:26:31+00:00
CAMHDA301-20230417T211500,scene1,210,2026-08-25T21:26:36+00:00
CAMHDA301-20230424T001500,scene1,210,2026-08-25T21:26:42+00:00
CAMHDA301-20230424T031500,scene1,210,2026-08-25T21:26:51+00:00
CAMHDA301-20230424T061500,scene1,210,2026-08-25T21:26:56+00:00
CAMHDA301-20230424T091500,scene1,210,2026-08-25T21:27:03+00:00
CAMHDA301-20230424T121500,scene1,180,2026-08-25T21:27:17+00:00
CAMHDA301-20230424T151500,scene1,210,2026-08-25T21:27:27+00:00
CAMHDA301-20230424T181500,scene1,210,2026-08-25T21:27:36+00:00
CAMHDA301-20230424T211500,not_scene1,,2026-08-25T21:28:04+00:00
CAMHDA301-20230501T031500,not_scene1,,2026-08-25T21:28:08+00:00
CAMHDA301-20230501T061500,not_scene1,,2026-08-25T21:28:13+00:00
CAMHDA301-20230501T091500,scene1,210,2026-08-25T21:28:25+00:00
CAMHDA301-20230501T121500,scene1,210,2026-08-25T21:28:38+00:00
CAMHDA301-20230501T151500,scene1,420,2026-08-25T21:28:47+00:00
CAMHDA301-20230501T181500,not_scene1,,2026-08-25T21:28:53+00:00
CAMHDA301-20230501T211500,not_scene1,,2026-08-25T21:28:59+00:00
CAMHDA301-20230508T001500,scene1,210,2026-08-25T21:29:06+00:00
CAMHDA301-20230508T031500,scene1,210,2026-08-25T21:29:11+00:00
CAMHDA301-20230508T061500,scene1,210,2026-08-25T21:29:20+00:00
CAMHDA301-20230508T091500,scene1,420,2026-08-25T21:29:24+00:00
CAMHDA301-20230508T121500,scene1,210,2026-08-25T21:29:29+00:00
CAMHDA301-20230508T151500,scene1,210,2026-08-25T21:29:35+00:00
CAMHDA301-20230508T181500,scene1,210,2026-08-25T21:29:47+00:00
CAMHDA301-20230508T211500,scene1,210,2026-08-25T21:29:54+00:00
CAMHDA301-20230515T001500,scene1,210,2026-08-25T21:30:02+00:00
CAMHDA301-20230515T031500,scene1,210,2026-08-25T21:30:07+00:00
CAMHDA301-20230515T061500,scene1,210,2026-08-25T21:30:13+00:00
CAMHDA301-20230515T091500,scene1,210,2026-08-25T21:30:23+00:00
CAMHDA301-20230515T121500,scene1,210,2026-08-25T21:30:29+00:00
CAMHDA301-20230515T151500,scene1,210,2026-08-25T21:30:35+00:00
CAMHDA301-20230515T181500,scene1,210,2026-08-25T21:30:40+00:00
CAMHDA301-20230515T211500,scene1,210,2026-08-25T21:30:45+00:00
CAMHDA301-20230522T001500,scene1,210,2026-08-25T21:30:49+00:00
CAMHDA301-20230522T031500,scene1,210,2026-08-25T21:30:54+00:00
CAMHDA301-20230522T061500,scene1,180,2026-08-25T21:30:59+00:00
CAMHDA301-20230522T091500,scene1,210,2026-08-25T21:31:05+00:00
CAMHDA301-20230522T121500,scene1,210,2026-08-25T21:31:09+00:00
CAMHDA301-20230522T151500,scene1,210,2026-08-25T21:31:13+00:00
CAMHDA301-20230522T181500,scene1,210,2026-08-25T21:31:18+00:00
CAMHDA301-20230522T211500,scene1,420,2026-08-25T21:31:23+00:00
CAMHDA301-20230529T001500,scene1,210,2026-08-25T21:31:28+00:00
CAMHDA301-20230529T031500,scene1,210,2026-08-25T21:31:33+00:00
CAMHDA301-20230529T061500,scene1,180,2026-08-25T21:31:42+00:00
CAMHDA301-20230529T091500,scene1,210,2026-08-25T21:31:52+00:00
CAMHDA301-20230529T121500,scene1,180,2026-08-25T21:31:59+00:00
CAMHDA301-20230529T151500,scene1,210,2026-08-25T21:32:09+00:00
CAMHDA301-20230529T181500,scene1,210,2026-08-25T21:32:15+00:00
CAMHDA301-20230529T211500,scene1,210,2026-08-25T21:32:22+00:00
CAMHDA301-20230605T001500,scene1,210,2026-08-25T21:32:30+00:00
CAMHDA301-20230605T031500,scene1,180,2026-08-25T21:32:38+00:00
CAMHDA301-20230605T061500,scene1,210,2026-08-25T21:32:46+00:00
CAMHDA301-20230605T091500,scene1,210,2026-08-25T21:32:53+00:00
CAMHDA301-20230605T121500,scene1,180,2026-08-25T21:32:59+00:00
CAMHDA301-20230605T151500,scene1,210,2026-08-25T21:33:06+00:00
CAMHDA301-20230605T181500,scene1,210,2026-08-25T21:33:11+00:00
CAMHDA301-20230605T211500,scene1,210,2026-08-25T21:33:16+00:00
CAMHDA301-20230612T001500,scene1,420,2026-08-25T21:33:29+00:00
CAMHDA301-20230612T031500,scene1,420,2026-08-25T21:33:36+00:00
CAMHDA301-20230612T061500,scene1,210,2026-08-25T21:33:41+00:00
CAMHDA301-20230612T091500,scene1,210,2026-08-25T21:33:47+00:00
CAMHDA301-20230612T121500,scene1,210,2026-08-25T21:33:56+00:00
CAMHDA301-20230612T151500,scene1,210,2026-08-25T21:34:25+00:00
CAMHDA301-20230612T181500,scene1,210,2026-08-25T21:34:34+00:00
CAMHDA301-20230612T211500,scene1,180,2026-08-25T21:34:41+00:00
CAMHDA301-20230619T001500,not_scene1,,2026-08-25T21:34:44+00:00
CAMHDA301-20230619T031500,not_scene1,,2026-08-25T21:34:47+00:00
CAMHDA301-20230619T061500,not_scene1,,2026-08-25T21:34:54+00:00
CAMHDA301-20230619T091500,not_scene1,,2026-08-25T21:34:57+00:00
CAMHDA301-20230619T121500,not_scene1,,2026-08-25T21:34:59+00:00
CAMHDA301-20230619T151500,not_scene1,,2026-08-25T21:35:01+00:00
CAMHDA301-20230619T181500,not_scene1,,2026-08-25T21:35:03+00:00
CAMHDA301-20230619T211500,not_scene1,,2026-08-25T21:35:06+00:00
CAMHDA301-20230626T001500,scene1,180,2026-08-25T21:35:13+00:00
CAMHDA301-20230626T031500,scene1,210,2026-08-25T21:35:21+00:00
CAMHDA301-20230626T061500,scene1,210,2026-08-25T21:35:27+00:00
CAMHDA301-20230626T091500,scene1,210,2026-08-25T21:35:34+00:00
CAMHDA301-20230626T121500,not_scene1,,2026-08-25T21:35:40+00:00
CAMHDA301-20230626T151500,scene1,780,2026-08-25T21:35:55+00:00
CAMHDA301-20230626T181500,scene1,570,2026-08-25T21:36:05+00:00
CAMHDA301-20230626T211500,scene1,360,2026-08-25T21:36:18+00:00
CAMHDA301-20230703T001500,not_scene1,,2026-08-25T21:36:22+00:00
CAMHDA301-20230703T031500,not_scene1,,2026-08-25T21:36:29+00:00
CAMHDA301-20230703T061500,not_scene1,,2026-08-25T21:36:33+00:00
CAMHDA301-20230703T091500,not_scene1,,2026-08-25T21:36:37+00:00
CAMHDA301-20230703T121500,not_scene1,,2026-08-25T21:36:40+00:00
CAMHDA301-20230703T151500,not_scene1,,2026-08-25T21:36:44+00:00
CAMHDA301-20230703T181500,not_scene1,,2026-08-25T21:36:58+00:00
CAMHDA301-20230703T211500,not_scene1,,2026-08-25T21:37:01+00:00
CAMHDA301-20230710T001500,not_scene1,,2026-08-25T21:37:05+00:00
CAMHDA301-20230710T031500,scene1,240,2026-08-25T21:37:13+00:00
CAMHDA301-20230710T061500,not_scene1,,2026-08-25T21:37:17+00:00
CAMHDA301-20230710T091500,not_scene1,,2026-08-25T21:37:26+00:00
CAMHDA301-20230710T121500,not_scene1,,2026-08-25T21:37:31+00:00
CAMHDA301-20230710T151500,not_scene1,,2026-08-25T21:37:34+00:00
CAMHDA301-20230710T181500,not_scene1,,2026-08-25T21:37:37+00:00
CAMHDA301-20230710T211500,not_scene1,,2026-08-25T21:37:41+00:00
CAMHDA301-20230717T001500,scene1,210,2026-08-25T21:37:46+00:00
CAMHDA301-20230717T031500,scene1,210,2026-08-25T21:37:54+00:00
CAMHDA301-20230717T061500,scene1,420,2026-08-25T21:38:01+00:00
CAMHDA301-20230717T091500,scene1,210,2026-08-25T21:38:08+00:00
CAMHDA301-20230717T121500,scene1,210,2026-08-25T21:38:14+00:00
CAMHDA301-20230717T151500,scene1,210,2026-08-25T21:38:19+00:00
CAMHDA301-20230717T181500,scene1,210,2026-08-25T21:38:24+00:00
CAMHDA301-20230717T211500,scene1,210,2026-08-25T21:38:33+00:00
CAMHDA301-20230724T001500,not_scene1,,2026-08-25T21:38:38+00:00
CAMHDA301-20230724T031500,not_scene1,,2026-08-25T21:38:41+00:00
CAMHDA301-20230724T061500,not_scene1,,2026-08-25T21:38:43+00:00
CAMHDA301-20230724T091500,not_scene1,,2026-08-25T21:38:45+00:00
CAMHDA301-20230724T121500,not_scene1,,2026-08-25T21:38:47+00:00
CAMHDA301-20230724T151500,not_scene1,,2026-08-25T21:38:49+00:00
CAMHDA301-20230724T181500,not_scene1,,2026-08-25T21:38:51+00:00
CAMHDA301-20230724T211500,not_scene1,,2026-08-25T21:38:53+00:00
CAMHDA301-20230731T001500,scene1,210,2026-08-25T21:39:03+00:00
CAMHDA301-20230731T031500,scene1,210,2026-08-25T21:39:11+00:00
CAMHDA301-20230731T061500,scene1,210,2026-08-25T21:39:20+00:00
CAMHDA301-20230731T091500,scene1,210,2026-08-25T21:39:27+00:00
CAMHDA301-20230731T121500,scene1,210,2026-08-25T21:42:13+00:00
CAMHDA301-20230731T151500,scene1,210,2026-08-25T21:42:21+00:00
CAMHDA301-20230731T181500,scene1,210,2026-08-25T21:42:30+00:00
CAMHDA301-20230731T211500,scene1,210,2026-08-25T22:12:32+00:00
CAMHDA301-20230807T001500,scene1,210,2026-08-25T22:12:41+00:00
CAMHDA301-20230807T031500,scene1,210,2026-08-25T22:12:51+00:00
CAMHDA301-20230807T061500,scene1,210,2026-08-25T22:12:56+00:00
CAMHDA301-20230807T091500,scene1,210,2026-08-25T22:13:01+00:00
CAMHDA301-20230807T121500,scene1,210,2026-08-25T22:13:05+00:00
CAMHDA301-20230807T151500,scene1,210,2026-08-25T22:13:10+00:00
CAMHDA301-20230807T181500,scene1,210,2026-08-25T22:13:14+00:00
CAMHDA301-20230807T211500,scene1,180,2026-08-25T22:13:20+00:00
CAMHDA301-20230814T001500,scene1,210,2026-08-25T22:13:25+00:00
CAMHDA301-20230814T031500,scene1,420,2026-08-25T22:13:32+00:00
CAMHDA301-20230814T061500,scene1,210,2026-08-25T22:13:38+00:00
CAMHDA301-20230814T091500,scene1,210,2026-08-25T22:13:46+00:00
CAMHDA301-20230814T121500,scene1,210,2026-08-25T22:13:52+00:00
CAMHDA301-20230814T151500,scene1,210,2026-08-25T22:13:57+00:00
CAMHDA301-20230814T181500,scene1,210,2026-08-25T22:14:04+00:00
CAMHDA301-20230814T211500,scene1,420,2026-08-25T22:14:12+00:00
CAMHDA301-20230821T001500,scene1,240,2026-08-25T22:14:20+00:00
CAMHDA301-20230821T031500,scene1,210,2026-08-25T22:14:24+00:00
CAMHDA301-20230821T061500,scene1,210,2026-08-25T22:14:28+00:00
CAMHDA301-20230821T091500,scene1,180,2026-08-25T22:14:36+00:00
CAMHDA301-20230821T121500,scene1,210,2026-08-25T22:14:42+00:00
CAMHDA301-20230821T151500,scene1,210,2026-08-25T22:14:53+00:00
CAMHDA301-20230821T181500,scene1,210,2026-08-25T22:14:57+00:00
CAMHDA301-20230821T211500,scene1,210,2026-08-25T22:15:01+00:00
CAMHDA301-20230828T001500,not_scene1,,2026-08-25T22:15:06+00:00
CAMHDA301-20230828T031500,not_scene1,,2026-08-25T22:15:08+00:00
CAMHDA301-20230828T061500,not_scene1,,2026-08-25T22:15:10+00:00
CAMHDA301-20230828T091500,not_scene1,,2026-08-25T22:15:12+00:00
CAMHDA301-20230828T121500,not_scene1,,2026-08-25T22:15:14+00:00
CAMHDA301-20230828T151500,not_scene1,,2026-08-25T22:15:16+00:00
CAMHDA301-20230828T181500,not_scene1,,2026-08-25T22:15:17+00:00
CAMHDA301-20230828T211500,not_scene1,,2026-08-25T22:15:21+00:00
CAMHDA301-20230904T001500,not_scene1,,2026-08-25T22:15:29+00:00
CAMHDA301-20230904T031500,not_scene1,,2026-08-25T22:15:34+00:00
CAMHDA301-20230904T061500,not_scene1,,2026-08-25T22:15:40+00:00
CAMHDA301-20230904T091500,not_scene1,,2026-08-25T22:15:43+00:00
CAMHDA301-20230904T121500,not_scene1,,2026-08-25T22:15:51+00:00
CAMHDA301-20230904T151500,not_scene1,,2026-08-25T22:15:59+00:00
CAMHDA301-20230904T181500,not_scene1,,2026-08-25T22:16:24+00:00
CAMHDA301-20230904T211500,not_scene1,,2026-08-25T22:16:53+00:00
CAMHDA301-20230911T001500,not_scene1,,2026-08-25T22:17:00+00:00
CAMHDA301-20230911T031500,not_scene1,,2026-08-25T22:17:09+00:00
CAMHDA301-20230911T061500,not_scene1,,2026-08-25T22:17:18+00:00
CAMHDA301-20230911T091500,not_scene1,,2026-08-25T22:17:57+00:00
CAMHDA301-20230911T121500,not_scene1,,2026-08-25T22:18:03+00:00
CAMHDA301-20230911T151500,not_scene1,,2026-08-25T22:18:22+00:00
CAMHDA301-20230911T181500,not_scene1,,2026-08-25T22:18:26+00:00
CAMHDA301-20230911T211500,not_scene1,,2026-08-25T22:18:33+00:00
CAMHDA301-20230918T001500,not_scene1,,2026-08-25T22:18:38+00:00
CAMHDA301-20230918T031500,not_scene1,,2026-08-25T22:18:45+00:00
CAMHDA301-20230918T061500,not_scene1,,2026-08-25T22:18:56+00:00
CAMHDA301-20230918T091500,not_scene1,,2026-08-25T22:19:40+00:00
CAMHDA301-20230918T121500,not_scene1,,2026-08-25T22:20:02+00:00
CAMHDA301-20230918T151500,not_scene1,,2026-08-25T22:20:12+00:00
CAMHDA301-20230918T181500,not_scene1,,2026-08-25T22:20:21+00:00
CAMHDA301-20230918T211500,not_scene1,,2026-08-25T22:20:34+00:00
CAMHDA301-20230925T001500,not_scene1,,2026-08-25T22:20:42+00:00
CAMHDA301-20230925T031500,not_scene1,,2026-08-25T22:20:54+00:00
CAMHDA301-20230925T061500,not_scene1,,2026-08-25T22:21:00+00:00
CAMHDA301-20230925T091500,not_scene1,,2026-08-25T22:21:12+00:00
CAMHDA301-20230925T121500,not_scene1,,2026-08-25T22:21:20+00:00
CAMHDA301-20230925T151500,not_scene1,,2026-08-25T22:21:29+00:00
CAMHDA301-20230925T181500,not_scene1,,2026-08-25T22:21:39+00:00
CAMHDA301-20230925T211500,not_scene1,,2026-08-25T22:21:47+00:00
CAMHDA301-20231002T001500,not_scene1,,2026-08-25T22:21:53+00:00
CAMHDA301-20231002T031500,not_scene1,,2026-08-25T22:22:02+00:00
CAMHDA301-20231002T061500,not_scene1,,2026-08-25T22:22:06+00:00
CAMHDA301-20231002T091500,not_scene1,,2026-08-25T22:22:12+00:00
CAMHDA301-20231002T121500,not_scene1,,2026-08-25T22:22:18+00:00
CAMHDA301-20231002T151500,not_scene1,,2026-08-25T22:22:23+00:00
CAMHDA301-20231002T181500,not_scene1,,2026-08-25T22:22:28+00:00
CAMHDA301-20231002T211500,not_scene1,,2026-08-25T22:22:40+00:00
CAMHDA301-20231009T001500,not_scene1,,2026-08-25T22:22:49+00:00
CAMHDA301-20231009T031500,not_scene1,,2026-08-25T22:22:57+00:00
CAMHDA301-20231009T061500,not_scene1,,2026-08-25T22:23:03+00:00
CAMHDA301-20231009T091500,not_scene1,,2026-08-25T22:23:08+00:00
CAMHDA301-20231009T121500,not_scene1,,2026-08-25T22:23:13+00:00
CAMHDA301-20231009T151500,scene1,630,2026-08-25T22:23:21+00:00
CAMHDA301-20231009T181500,not_scene1,,2026-08-25T22:23:36+00:00
CAMHDA301-20231009T211500,not_scene1,,2026-08-25T22:23:43+00:00
CAMHDA301-20231016T001500,not_scene1,,2026-08-25T22:23:56+00:00
CAMHDA301-20231016T031500,scene1,630,2026-08-25T22:24:14+00:00
CAMHDA301-20231016T061500,not_scene1,,2026-08-25T22:24:21+00:00
CAMHDA301-20231016T091500,not_scene1,,2026-08-25T22:24:31+00:00
CAMHDA301-20231016T121500,not_scene1,,2026-08-25T22:24:38+00:00
CAMHDA301-20231016T151500,not_scene1,,2026-08-25T22:24:42+00:00
CAMHDA301-20231016T181500,not_scene1,,2026-08-25T22:24:52+00:00
CAMHDA301-20231016T211500,not_scene1,,2026-08-25T22:24:58+00:00
CAMHDA301-20231023T001500,not_scene1,,2026-08-25T22:25:06+00:00
CAMHDA301-20231023T031500,not_scene1,,2026-08-25T22:25:22+00:00
CAMHDA301-20231023T061500,not_scene1,,2026-08-25T22:25:28+00:00
CAMHDA301-20231023T091500,not_scene1,,2026-08-25T22:25:40+00:00
CAMHDA301-20231023T121500,not_scene1,,2026-08-25T22:25:46+00:00
CAMHDA301-20231023T151500,not_scene1,,2026-08-25T22:25:56+00:00
CAMHDA301-20231023T181500,not_scene1,,2026-08-25T22:26:04+00:00
CAMHDA301-20231023T211500,not_scene1,,2026-08-25T22:26:08+00:00
CAMHDA301-20231030T001500,not_scene1,,2026-08-25T22:26:12+00:00
CAMHDA301-20231030T031500,not_scene1,,2026-08-25T22:26:26+00:00
CAMHDA301-20231030T061500,not_scene1,,2026-08-25T22:26:30+00:00
CAMHDA301-20231030T091500,not_scene1,,2026-08-25T22:26:43+00:00
CAMHDA301-20231030T151500,scene1,630,2026-08-25T22:26:54+00:00
CAMHDA301-20231030T181500,not_scene1,,2026-08-25T22:27:00+00:00
CAMHDA301-20231030T211500,not_scene1,,2026-08-25T22:27:05+00:00
CAMHDA301-20231106T001500,not_scene1,,2026-08-25T22:27:11+00:00
CAMHDA301-20231106T031500,not_scene1,,2026-08-25T22:27:18+00:00
CAMHDA301-20231106T061500,not_scene1,,2026-08-25T22:27:25+00:00
CAMHDA301-20231106T091500,not_scene1,,2026-08-25T22:27:33+00:00
CAMHDA301-20231106T121500,not_scene1,,2026-08-25T22:27:40+00:00
CAMHDA301-20231106T151500,not_scene1,,2026-08-25T22:27:44+00:00
CAMHDA301-20231106T181500,not_scene1,,2026-08-25T22:27:53+00:00
CAMHDA301-20231106T211500,not_scene1,,2026-08-25T22:28:01+00:00
CAMHDA301-20231113T001500,not_scene1,,2026-08-25T22:28:09+00:00
CAMHDA301-20231113T031500,not_scene1,,2026-08-25T22:28:17+00:00
CAMHDA301-20231113T061500,not_scene1,,2026-08-25T22:28:25+00:00
CAMHDA301-20231113T091500,not_scene1,,2026-08-25T22:28:33+00:00
CAMHDA301-20231113T121500,not_scene1,,2026-08-25T22:28:45+00:00
CAMHDA301-20231113T151500,not_scene1,,2026-08-25T22:28:53+00:00
CAMHDA301-20231113T181500,not_scene1,,2026-08-25T22:28:58+00:00
CAMHDA301-20231113T211500,not_scene1,,2026-08-25T22:29:05+00:00
CAMHDA301-20231120T001500,not_scene1,,2026-08-25T22:29:11+00:00
CAMHDA301-20231120T031500,not_scene1,,2026-08-25T22:29:14+00:00
CAMHDA301-20231120T061500,not_scene1,,2026-08-25T22:29:17+00:00
CAMHDA301-20231120T091500,not_scene1,,2026-08-25T22:29:21+00:00
CAMHDA301-20231120T121500,not_scene1,,2026-08-25T22:29:24+00:00
CAMHDA301-20231120T151500,scene1,630,2026-08-25T22:29:33+00:00
CAMHDA301-20231120T181500,not_scene1,,2026-08-25T22:29:37+00:00
CAMHDA301-20231120T211500,not_scene1,,2026-08-25T22:29:42+00:00
CAMHDA301-20231127T001500,not_scene1,,2026-08-25T22:29:45+00:00
CAMHDA301-20231127T031500,not_scene1,,2026-08-25T22:29:48+00:00
CAMHDA301-20231127T061500,not_scene1,,2026-08-25T22:29:53+00:00
CAMHDA301-20231127T091500,not_scene1,,2026-08-25T22:30:03+00:00
CAMHDA301-20231127T121500,not_scene1,,2026-08-25T22:30:06+00:00
CAMHDA301-20231127T151500,not_scene1,,2026-08-25T22:30:08+00:00
CAMHDA301-20231127T181500,not_scene1,,2026-08-25T22:30:09+00:00
CAMHDA301-20231127T211500,not_scene1,,2026-08-25T22:30:11+00:00
CAMHDA301-20231204T001500,not_scene1,,2026-08-25T22:30:13+00:00
CAMHDA301-20231204T031500,not_scene1,,2026-08-25T22:30:15+00:00
CAMHDA301-20231204T061500,not_scene1,,2026-08-25T22:30:16+00:00
CAMHDA301-20231204T091500,not_scene1,,2026-08-25T22:30:19+00:00
CAMHDA301-20231204T121500,not_scene1,,2026-08-25T22:30:21+00:00
CAMHDA301-20231204T151500,not_scene1,,2026-08-25T22:30:23+00:00
CAMHDA301-20231204T181500,not_scene1,,2026-08-25T22:30:25+00:00
CAMHDA301-20231204T211500,not_scene1,,2026-08-25T22:30:27+00:00
CAMHDA301-20231211T001500,not_scene1,,2026-08-25T22:30:28+00:00
CAMHDA301-20231211T031500,not_scene1,,2026-08-25T22:30:30+00:00
CAMHDA301-20231211T061500,not_scene1,,2026-08-25T22:30:32+00:00
CAMHDA301-20231211T091500,not_scene1,,2026-08-25T22:30:34+00:00
CAMHDA301-20231211T121500,not_scene1,,2026-08-25T22:30:36+00:00
CAMHDA301-20231211T151500,not_scene1,,2026-08-25T22:30:38+00:00
CAMHDA301-20231211T181500,not_scene1,,2026-08-25T22:30:40+00:00
CAMHDA301-20231211T211500,not_scene1,,2026-08-25T22:30:41+00:00
CAMHDA301-20231218T001500,scene1,720,2026-08-25T22:30:58+00:00
CAMHDA301-20231218T031500,scene1,630,2026-08-25T22:31:08+00:00
CAMHDA301-20231218T061500,not_scene1,,2026-08-25T22:31:15+00:00
CAMHDA301-20231218T091500,not_scene1,,2026-08-25T22:31:18+00:00
CAMHDA301-20231218T121500,scene1,720,2026-08-25T22:31:32+00:00
CAMHDA301-20231218T151500,scene1,330,2026-08-25T22:31:47+00:00
CAMHDA301-20231218T181500,scene1,720,2026-08-25T22:32:00+00:00
CAMHDA301-20231218T211500,scene1,720,2026-08-25T22:32:15+00:00
CAMHDA301-20231225T001500,scene1,720,2026-08-25T22:32:28+00:00
CAMHDA301-20231225T031500,scene1,330,2026-08-25T22:32:39+00:00
CAMHDA301-20231225T061500,not_scene1,,2026-08-25T22:32:50+00:00
CAMHDA301-20231225T091500,scene1,720,2026-08-25T22:33:02+00:00
CAMHDA301-20231225T121500,not_scene1,,2026-08-25T22:33:09+00:00
CAMHDA301-20231225T151500,not_scene1,,2026-08-25T22:33:16+00:00
CAMHDA301-20231225T181500,scene1,720,2026-08-25T22:33:32+00:00
CAMHDA301-20231225T211500,not_scene1,,2026-08-25T22:33:50+00:00
CAMHDA301-20240101T031500,not_scene1,,2026-08-25T22:33:53+00:00
CAMHDA301-20240101T061500,not_scene1,,2026-08-25T22:33:56+00:00
CAMHDA301-20240101T091500,not_scene1,,2026-08-25T22:34:01+00:00
CAMHDA301-20240101T121500,not_scene1,,2026-08-25T22:34:38+00:00
CAMHDA301-20240101T151500,not_scene1,,2026-08-25T22:34:43+00:00
CAMHDA301-20240101T181500,not_scene1,,2026-08-25T22:34:46+00:00
CAMHDA301-20240101T211500,scene1,210,2026-08-25T22:34:56+00:00
CAMHDA301-20240108T001500,scene1,180,2026-08-25T22:35:08+00:00
CAMHDA301-20240108T031500,scene1,630,2026-08-25T22:35:23+00:00
CAMHDA301-20240108T061500,scene1,630,2026-08-25T22:35:35+00:00
CAMHDA301-20240108T091500,scene1,630,2026-08-25T22:35:52+00:00
CAMHDA301-20240108T121500,scene1,630,2026-08-25T22:36:06+00:00
CAMHDA301-20240108T151500,scene1,630,2026-08-25T22:36:17+00:00
CAMHDA301-20240108T181500,not_scene1,,2026-08-25T22:36:25+00:00
CAMHDA301-20240108T211500,scene1,630,2026-08-25T22:36:33+00:00
CAMHDA301-20240115T001500,scene1,420,2026-08-25T22:36:46+00:00
CAMHDA301-20240115T031500,scene1,420,2026-08-25T22:37:01+00:00
CAMHDA301-20240115T061500,scene1,420,2026-08-25T22:37:10+00:00
CAMHDA301-20240115T091500,scene1,420,2026-08-25T22:37:25+00:00
CAMHDA301-20240115T121500,not_scene1,,2026-08-25T22:37:38+00:00
CAMHDA301-20240115T151500,scene1,420,2026-08-25T22:37:47+00:00
CAMHDA301-20240115T181500,not_scene1,,2026-08-25T22:37:54+00:00
CAMHDA301-20240115T211500,not_scene1,,2026-08-25T22:38:00+00:00
CAMHDA301-20240122T001500,scene1,420,2026-08-25T22:38:11+00:00
CAMHDA301-20240122T031500,scene1,420,2026-08-25T22:38:24+00:00
CAMHDA301-20240122T061500,scene1,420,2026-08-25T22:38:36+00:00
CAMHDA301-20240122T091500,scene1,420,2026-08-25T22:38:43+00:00
CAMHDA301-20240122T121500,scene1,420,2026-08-25T22:38:47+00:00
CAMHDA301-20240122T151500,scene1,420,2026-08-25T22:38:52+00:00
CAMHDA301-20240122T181500,not_scene1,,2026-08-25T22:39:09+00:00
CAMHDA301-20240122T211500,scene1,420,2026-08-25T22:39:19+00:00
CAMHDA301-20240129T001500,scene1,420,2026-08-25T22:39:28+00:00
CAMHDA301-20240129T031500,scene1,420,2026-08-25T22:39:33+00:00
CAMHDA301-20240129T061500,not_scene1,,2026-08-25T22:39:39+00:00
CAMHDA301-20240129T091500,not_scene1,,2026-08-25T22:39:51+00:00
CAMHDA301-20240129T121500,scene1,420,2026-08-25T22:40:01+00:00
CAMHDA301-20240129T151500,scene1,420,2026-08-25T22:40:08+00:00
CAMHDA301-20240129T181500,scene1,420,2026-08-25T22:40:23+00:00
CAMHDA301-20240129T211500,not_scene1,,2026-08-25T22:40:27+00:00
CAMHDA301-20240205T001500,scene1,420,2026-08-25T22:40:39+00:00
CAMHDA301-20240205T031500,scene1,420,2026-08-25T22:40:47+00:00
CAMHDA301-20240205T061500,scene1,420,2026-08-25T22:40:52+00:00
CAMHDA301-20240205T091500,scene1,420,2026-08-25T22:40:58+00:00
CAMHDA301-20240205T121500,scene1,420,2026-08-25T22:41:09+00:00
CAMHDA301-20240205T151500,scene1,420,2026-08-25T22:41:17+00:00
CAMHDA301-20240205T181500,scene1,420,2026-08-25T22:41:23+00:00
CAMHDA301-20240205T211500,scene1,420,2026-08-25T22:41:28+00:00
CAMHDA301-20240212T001500,scene1,420,2026-08-25T22:41:32+00:00
CAMHDA301-20240212T031500,scene1,450,2026-08-25T22:41:41+00:00
CAMHDA301-20240212T061500,scene1,420,2026-08-25T22:41:50+00:00
CAMHDA301-20240212T091500,scene1,420,2026-08-25T22:41:57+00:00
CAMHDA301-20240212T121500,scene1,420,2026-08-25T22:42:07+00:00
CAMHDA301-20240212T151500,scene1,420,2026-08-25T22:42:22+00:00
CAMHDA301-20240212T181500,scene1,420,2026-08-25T22:42:29+00:00
CAMHDA301-20240212T211500,scene1,420,2026-08-25T22:42:36+00:00
CAMHDA301-20240219T001500,scene1,420,2026-08-25T22:42:48+00:00
CAMHDA301-20240219T031500,scene1,450,2026-08-25T22:42:55+00:00
CAMHDA301-20240219T061500,scene1,420,2026-08-25T22:43:03+00:00
CAMHDA301-20240219T091500,not_scene1,,2026-08-25T22:43:17+00:00
CAMHDA301-20240219T121500,scene1,420,2026-08-25T22:43:26+00:00
CAMHDA301-20240219T151500,scene1,420,2026-08-25T22:43:39+00:00
CAMHDA301-20240219T181500,scene1,420,2026-08-25T22:43:48+00:00
CAMHDA301-20240219T211500,scene1,420,2026-08-25T22:43:56+00:00
CAMHDA301-20240226T001500,scene1,420,2026-08-25T22:44:02+00:00
CAMHDA301-20240226T031500,scene1,420,2026-08-25T22:44:08+00:00
CAMHDA301-20240226T061500,scene1,420,2026-08-25T22:44:18+00:00
CAMHDA301-20240226T091500,scene1,450,2026-08-25T22:44:29+00:00
CAMHDA301-20240226T121500,scene1,420,2026-08-25T22:44:36+00:00
CAMHDA301-20240226T151500,scene1,450,2026-08-25T22:45:13+00:00
CAMHDA301-20240226T181500,scene1,450,2026-08-25T22:45:23+00:00
CAMHDA301-20240226T211500,scene1,420,2026-08-25T22:45:32+00:00
CAMHDA301-20240304T001500,scene1,450,2026-08-25T22:45:40+00:00
CAMHDA301-20240304T031500,scene1,420,2026-08-25T22:45:59+00:00
CAMHDA301-20240304T061500,not_scene1,,2026-08-25T22:46:15+00:00
CAMHDA301-20240304T091500,not_scene1,,2026-08-25T22:46:21+00:00
CAMHDA301-20240304T121500,not_scene1,,2026-08-25T22:46:36+00:00
CAMHDA301-20240304T151500,scene1,420,2026-08-25T22:46:48+00:00
CAMHDA301-20240304T181500,not_scene1,,2026-08-25T22:46:56+00:00
CAMHDA301-20240304T211500,scene1,450,2026-08-25T22:47:04+00:00
CAMHDA301-20240311T001500,not_scene1,,2026-08-25T22:47:13+00:00
CAMHDA301-20240311T031500,not_scene1,,2026-08-25T22:47:29+00:00
CAMHDA301-20240311T061500,not_scene1,,2026-08-25T22:47:41+00:00
CAMHDA301-20240311T091500,not_scene1,,2026-08-25T22:47:50+00:00
CAMHDA301-20240311T121500,scene1,450,2026-08-25T22:48:07+00:00
CAMHDA301-20240311T151500,not_scene1,,2026-08-25T22:48:11+00:00
CAMHDA301-20240311T181500,not_scene1,,2026-08-25T22:48:14+00:00
CAMHDA301-20240311T211500,not_scene1,,2026-08-25T22:48:17+00:00
CAMHDA301-20240318T001500,scene1,420,2026-08-25T22:48:24+00:00
CAMHDA301-20240318T031500,scene1,420,2026-08-25T22:48:41+00:00
CAMHDA301-20240318T061500,scene1,420,2026-08-25T22:48:51+00:00
CAMHDA301-20240318T091500,scene1,420,2026-08-25T22:48:56+00:00
CAMHDA301-20240318T121500,not_scene1,,2026-08-25T22:49:01+00:00
CAMHDA301-20240318T151500,not_scene1,,2026-08-25T22:49:08+00:00
CAMHDA301-20240318T181500,scene1,420,2026-08-25T22:49:15+00:00
CAMHDA301-20240318T211500,not_scene1,,2026-08-25T22:49:19+00:00
CAMHDA301-20240325T001500,scene1,450,2026-08-25T22:49:34+00:00
CAMHDA301-20240325T031500,scene1,420,2026-08-25T22:49:49+00:00
CAMHDA301-20240325T061500,scene1,420,2026-08-25T22:49:59+00:00
CAMHDA301-20240325T091500,scene1,420,2026-08-25T22:50:04+00:00
CAMHDA301-20240325T121500,scene1,420,2026-08-25T22:50:09+00:00
CAMHDA301-20240325T151500,scene1,420,2026-08-25T22:50:13+00:00
CAMHDA301-20240325T181500,scene1,450,2026-08-25T22:50:24+00:00
CAMHDA301-20240325T211500,scene1,420,2026-08-25T22:50:31+00:00
CAMHDA301-20240401T031500,not_scene1,,2026-08-25T22:50:34+00:00
CAMHDA301-20240401T061500,not_scene1,,2026-08-25T22:50:37+00:00
CAMHDA301-20240401T091500,not_scene1,,2026-08-25T22:50:41+00:00
CAMHDA301-20240401T121500,not_scene1,,2026-08-25T22:50:44+00:00
CAMHDA301-20240401T151500,not_scene1,,2026-08-25T22:50:48+00:00
CAMHDA301-20240401T181500,not_scene1,,2026-08-25T22:50:57+00:00
CAMHDA301-20240401T211500,not_scene1,,2026-08-25T22:51:04+00:00
CAMHDA301-20240408T001500,scene1,450,2026-08-25T22:51:12+00:00
CAMHDA301-20240408T031500,scene1,450,2026-08-25T22:51:17+00:00
CAMHDA301-20240408T061500,scene1,450,2026-08-25T22:51:25+00:00
CAMHDA301-20240408T091500,scene1,450,2026-08-25T22:51:33+00:00
CAMHDA301-20240408T121500,scene1,420,2026-08-25T22:51:40+00:00
CAMHDA301-20240408T151500,scene1,450,2026-08-25T22:51:46+00:00
CAMHDA301-20240408T181500,scene1,450,2026-08-25T22:52:02+00:00
CAMHDA301-20240408T211500,scene1,420,2026-08-25T22:52:22+00:00
CAMHDA301-20240415T001500,not_scene1,,2026-08-25T22:52:26+00:00
CAMHDA301-20240415T031500,not_scene1,,2026-08-25T22:52:29+00:00
CAMHDA301-20240415T061500,not_scene1,,2026-08-25T22:52:33+00:00
CAMHDA301-20240415T091500,not_scene1,,2026-08-25T22:52:36+00:00
CAMHDA301-20240415T121500,not_scene1,,2026-08-25T22:52:39+00:00
CAMHDA301-20240415T151500,not_scene1,,2026-08-25T22:52:42+00:00
CAMHDA301-20240415T181500,not_scene1,,2026-08-25T22:52:45+00:00
CAMHDA301-20240415T211500,not_scene1,,2026-08-25T22:52:48+00:00
CAMHDA301-20240422T001500,not_scene1,,2026-08-25T22:52:51+00:00
CAMHDA301-20240422T031500,scene1,450,2026-08-25T22:53:07+00:00
CAMHDA301-20240422T061500,scene1,450,2026-08-25T22:53:18+00:00
CAMHDA301-20240422T091500,not_scene1,,2026-08-25T22:53:32+00:00
CAMHDA301-20240422T121500,scene1,450,2026-08-25T22:53:39+00:00
CAMHDA301-20240422T151500,scene1,450,2026-08-25T22:53:46+00:00
CAMHDA301-20240422T181500,scene1,450,2026-08-25T22:53:52+00:00
CAMHDA301-20240422T211500,scene1,450,2026-08-25T22:53:58+00:00
CAMHDA301-20240429T001500,scene1,420,2026-08-25T22:54:08+00:00
CAMHDA301-20240429T031500,scene1,450,2026-08-25T22:54:18+00:00
CAMHDA301-20240429T061500,scene1,450,2026-08-25T22:54:31+00:00
CAMHDA301-20240429T091500,not_scene1,,2026-08-25T22:54:43+00:00
CAMHDA301-20240429T121500,not_scene1,,2026-08-25T22:54:51+00:00
CAMHDA301-20240429T151500,scene1,420,2026-08-25T22:54:57+00:00
CAMHDA301-20240429T181500,scene1,420,2026-08-25T22:55:04+00:00
CAMHDA301-20240429T211500,scene1,420,2026-08-25T22:55:11+00:00
CAMHDA301-20240506T001500,scene1,420,2026-08-25T22:55:18+00:00
CAMHDA301-20240506T031500,not_scene1,,2026-08-25T22:55:36+00:00
CAMHDA301-20240506T061500,not_scene1,,2026-08-25T22:55:46+00:00
CAMHDA301-20240506T091500,scene1,450,2026-08-25T22:56:04+00:00
CAMHDA301-20240506T121500,scene1,450,2026-08-25T22:56:13+00:00
CAMHDA301-20240506T151500,scene1,420,2026-08-25T22:56:23+00:00
CAMHDA301-20240506T181500,not_scene1,,2026-08-25T22:56:26+00:00
CAMHDA301-20240506T211500,not_scene1,,2026-08-25T22:56:29+00:00
CAMHDA301-20240513T001500,scene1,420,2026-08-25T22:56:37+00:00
CAMHDA301-20240513T031500,scene1,420,2026-08-25T22:56:43+00:00
CAMHDA301-20240513T061500,scene1,450,2026-08-25T22:56:57+00:00
CAMHDA301-20240513T091500,not_scene1,,2026-08-25T22:57:13+00:00
CAMHDA301-20240513T121500,not_scene1,,2026-08-25T22:57:18+00:00
CAMHDA301-20240513T151500,scene1,420,2026-08-25T22:57:26+00:00
CAMHDA301-20240513T181500,scene1,420,2026-08-25T22:57:34+00:00
CAMHDA301-20240513T211500,scene1,420,2026-08-25T22:57:40+00:00
CAMHDA301-20240520T001500,not_scene1,,2026-08-25T22:57:44+00:00
CAMHDA301-20240520T031500,not_scene1,,2026-08-25T22:57:47+00:00
CAMHDA301-20240520T061500,not_scene1,,2026-08-25T22:57:51+00:00
CAMHDA301-20240520T091500,scene1,240,2026-08-25T22:58:07+00:00
CAMHDA301-20240520T121500,not_scene1,,2026-08-25T22:58:11+00:00
CAMHDA301-20240520T151500,not_scene1,,2026-08-25T22:58:16+00:00
CAMHDA301-20240520T181500,not_scene1,,2026-08-25T22:58:31+00:00
CAMHDA301-20240520T211500,not_scene1,,2026-08-25T22:58:39+00:00
CAMHDA301-20240527T001500,scene1,420,2026-08-25T22:58:50+00:00
CAMHDA301-20240527T031500,scene1,420,2026-08-25T22:58:58+00:00
CAMHDA301-20240527T061500,scene1,450,2026-08-25T22:59:07+00:00
CAMHDA301-20240527T091500,not_scene1,,2026-08-25T22:59:17+00:00
CAMHDA301-20240527T121500,not_scene1,,2026-08-25T22:59:26+00:00
CAMHDA301-20240527T151500,not_scene1,,2026-08-25T22:59:40+00:00
CAMHDA301-20240527T181500,not_scene1,,2026-08-25T22:59:53+00:00
CAMHDA301-20240527T211500,scene1,420,2026-08-25T22:59:59+00:00
CAMHDA301-20240603T001500,not_scene1,,2026-08-25T23:00:08+00:00
CAMHDA301-20240603T031500,not_scene1,,2026-08-25T23:00:11+00:00
CAMHDA301-20240603T061500,not_scene1,,2026-08-25T23:00:14+00:00
CAMHDA301-20240603T091500,not_scene1,,2026-08-25T23:00:17+00:00
CAMHDA301-20240603T121500,not_scene1,,2026-08-25T23:00:20+00:00
CAMHDA301-20240603T151500,not_scene1,,2026-08-25T23:00:28+00:00
CAMHDA301-20240603T181500,not_scene1,,2026-08-25T23:00:33+00:00
CAMHDA301-20240603T211500,not_scene1,,2026-08-25T23:00:36+00:00
CAMHDA301-20240610T001500,not_scene1,,2026-08-25T23:00:40+00:00
CAMHDA301-20240610T031500,not_scene1,,2026-08-25T23:00:44+00:00
CAMHDA301-20240610T061500,not_scene1,,2026-08-25T23:00:47+00:00
CAMHDA301-20240610T091500,not_scene1,,2026-08-25T23:00:53+00:00
CAMHDA301-20240610T121500,not_scene1,,2026-08-25T23:01:09+00:00
CAMHDA301-20240610T151500,not_scene1,,2026-08-25T23:01:13+00:00
CAMHDA301-20240610T181500,not_scene1,,2026-08-25T23:01:16+00:00
CAMHDA301-20240610T211500,not_scene1,,2026-08-25T23:01:20+00:00
CAMHDA301-20240617T001500,scene1,420,2026-08-25T23:01:29+00:00
CAMHDA301-20240617T031500,not_scene1,,2026-08-25T23:01:35+00:00
CAMHDA301-20240617T061500,scene1,450,2026-08-25T23:01:45+00:00
CAMHDA301-20240617T091500,scene1,420,2026-08-25T23:01:50+00:00
CAMHDA301-20240617T121500,scene1,420,2026-08-25T23:01:54+00:00
CAMHDA301-20240617T151500,scene1,450,2026-08-25T23:02:00+00:00
CAMHDA301-20240617T181500,scene1,420,2026-08-25T23:02:06+00:00
CAMHDA301-20240617T211500,not_scene1,,2026-08-25T23:02:11+00:00
CAMHDA301-20240624T001500,not_scene1,,2026-08-25T23:02:17+00:00
CAMHDA301-20240624T031500,scene1,420,2026-08-25T23:02:44+00:00
CAMHDA301-20240624T061500,scene1,420,2026-08-25T23:02:49+00:00
CAMHDA301-20240624T091500,scene1,420,2026-08-25T23:02:55+00:00
CAMHDA301-20240624T121500,scene1,420,2026-08-25T23:03:04+00:00
CAMHDA301-20240624T151500,scene1,420,2026-08-25T23:03:11+00:00
CAMHDA301-20240624T181500,scene1,450,2026-08-25T23:03:17+00:00
CAMHDA301-20240624T211500,scene1,450,2026-08-25T23:03:23+00:00
CAMHDA301-20240701T031500,not_scene1,,2026-08-25T23:03:27+00:00
CAMHDA301-20240701T061500,not_scene1,,2026-08-25T23:03:29+00:00
CAMHDA301-20240701T091500,not_scene1,,2026-08-25T23:03:32+00:00
CAMHDA301-20240701T121500,not_scene1,,2026-08-25T23:03:40+00:00
CAMHDA301-20240701T151500,not_scene1,,2026-08-25T23:03:58+00:00
CAMHDA301-20240701T181500,not_scene1,,2026-08-25T23:04:01+00:00
CAMHDA301-20240701T211500,not_scene1,,2026-08-25T23:04:04+00:00
CAMHDA301-20240708T001500,scene1,420,2026-08-25T23:04:09+00:00
CAMHDA301-20240708T031500,scene1,420,2026-08-25T23:04:16+00:00
CAMHDA301-20240708T061500,scene1,420,2026-08-25T23:04:30+00:00
CAMHDA301-20240708T091500,scene1,420,2026-08-25T23:04:38+00:00
CAMHDA301-20240708T121500,scene1,420,2026-08-25T23:04:46+00:00
CAMHDA301-20240708T151500,scene1,420,2026-08-25T23:04:50+00:00
CAMHDA301-20240708T181500,not_scene1,,2026-08-25T23:04:54+00:00
CAMHDA301-20240708T211500,scene1,450,2026-08-25T23:05:00+00:00
CAMHDA301-20240715T001500,scene1,450,2026-08-25T23:05:11+00:00
CAMHDA301-20240715T031500,scene1,420,2026-08-25T23:05:21+00:00
CAMHDA301-20240715T061500,scene1,420,2026-08-25T23:05:29+00:00
CAMHDA301-20240715T091500,scene1,420,2026-08-25T23:05:33+00:00
CAMHDA301-20240715T121500,scene1,420,2026-08-25T23:05:39+00:00
CAMHDA301-20240715T151500,not_scene1,,2026-08-25T23:05:42+00:00
CAMHDA301-20240715T181500,scene1,420,2026-08-25T23:05:57+00:00
CAMHDA301-20240715T211500,scene1,420,2026-08-25T23:06:02+00:00
CAMHDA301-20240722T001500,scene1,420,2026-08-25T23:06:07+00:00
CAMHDA301-20240722T031500,scene1,420,2026-08-25T23:06:13+00:00
CAMHDA301-20240722T061500,not_scene1,,2026-08-25T23:06:19+00:00
CAMHDA301-20240722T091500,not_scene1,,2026-08-25T23:06:25+00:00
CAMHDA301-20240722T121500,scene1,420,2026-08-25T23:06:30+00:00
CAMHDA301-20240722T151500,scene1,420,2026-08-25T23:06:48+00:00
CAMHDA301-20240722T181500,scene1,420,2026-08-25T23:06:53+00:00
CAMHDA301-20240722T211500,scene1,420,2026-08-25T23:06:59+00:00
CAMHDA301-20240729T001500,scene1,420,2026-08-25T23:07:04+00:00
CAMHDA301-20240729T031500,scene1,420,2026-08-25T23:07:08+00:00
CAMHDA301-20240729T061500,scene1,450,2026-08-25T23:07:14+00:00
CAMHDA301-20240729T091500,scene1,420,2026-08-25T23:07:25+00:00
CAMHDA301-20240729T121500,scene1,420,2026-08-25T23:07:29+00:00
CAMHDA301-20240729T151500,scene1,420,2026-08-25T23:07:33+00:00
CAMHDA301-20240729T181500,scene1,420,2026-08-25T23:07:37+00:00
CAMHDA301-20240729T211500,scene1,420,2026-08-25T23:07:41+00:00
CAMHDA301-20240805T001500,scene1,420,2026-08-25T23:07:45+00:00
CAMHDA301-20240805T031500,scene1,420,2026-08-25T23:07:51+00:00
CAMHDA301-20240805T061500,not_scene1,,2026-08-25T23:08:02+00:00
CAMHDA301-20240805T091500,scene1,420,2026-08-25T23:08:23+00:00
CAMHDA301-20240805T121500,scene1,420,2026-08-25T23:09:33+00:00
CAMHDA301-20240805T151500,scene1,420,2026-08-25T23:09:51+00:00
CAMHDA301-20240805T181500,scene1,450,2026-08-25T23:10:00+00:00
CAMHDA301-20240805T211500,scene1,450,2026-08-25T23:10:06+00:00
CAMHDA301-20240812T001500,scene1,420,2026-08-25T23:10:12+00:00
CAMHDA301-20240812T031500,not_scene1,,2026-08-25T23:10:15+00:00
CAMHDA301-20240812T061500,not_scene1,,2026-08-25T23:10:24+00:00
CAMHDA301-20240812T091500,not_scene1,,2026-08-25T23:10:27+00:00
CAMHDA301-20240812T121500,not_scene1,,2026-08-25T23:10:36+00:00
CAMHDA301-20240812T151500,not_scene1,,2026-08-25T23:10:40+00:00
CAMHDA301-20240812T181500,not_scene1,,2026-08-25T23:10:47+00:00
CAMHDA301-20240812T211500,not_scene1,,2026-08-25T23:10:50+00:00
CAMHDA301-20240819T001500,not_scene1,,2026-08-25T23:11:00+00:00
CAMHDA301-20240819T031500,not_scene1,,2026-08-25T23:11:15+00:00
CAMHDA301-20240819T061500,not_scene1,,2026-08-25T23:11:23+00:00
CAMHDA301-20240819T091500,not_scene1,,2026-08-25T23:11:28+00:00
CAMHDA301-20240819T121500,not_scene1,,2026-08-25T23:11:37+00:00
CAMHDA301-20240819T151500,not_scene1,,2026-08-25T23:11:43+00:00
CAMHDA301-20240819T181500,not_scene1,,2026-08-25T23:11:47+00:00
CAMHDA301-20240819T211500,not_scene1,,2026-08-25T23:11:53+00:00
CAMHDA301-20240826T001500,not_scene1,,2026-08-25T23:11:57+00:00
CAMHDA301-20240826T031500,not_scene1,,2026-08-25T23:12:07+00:00
CAMHDA301-20240826T061500,not_scene1,,2026-08-25T23:12:10+00:00
CAMHDA301-20240826T091500,not_scene1,,2026-08-25T23:12:15+00:00
CAMHDA301-20240826T121500,not_scene1,,2026-08-25T23:12:23+00:00
CAMHDA301-20240826T151500,not_scene1,,2026-08-25T23:12:26+00:00
CAMHDA301-20240826T181500,not_scene1,,2026-08-25T23:12:33+00:00
CAMHDA301-20240826T211500,not_scene1,,2026-08-25T23:12:52+00:00
CAMHDA301-20240902T001500,not_scene1,,2026-08-25T23:12:57+00:00
CAMHDA301-20240902T031500,not_scene1,,2026-08-25T23:13:00+00:00
CAMHDA301-20240902T061500,not_scene1,,2026-08-25T23:13:03+00:00
CAMHDA301-20240902T091500,not_scene1,,2026-08-25T23:13:06+00:00
CAMHDA301-20240902T121500,not_scene1,,2026-08-25T23:13:08+00:00
CAMHDA301-20240902T151500,not_scene1,,2026-08-25T23:13:14+00:00
CAMHDA301-20240902T181500,not_scene1,,2026-08-25T23:13:18+00:00
CAMHDA301-20240902T211500,not_scene1,,2026-08-25T23:13:21+00:00
CAMHDA301-20240909T001500,not_scene1,,2026-08-25T23:13:26+00:00
CAMHDA301-20240909T031500,not_scene1,,2026-08-25T23:13:34+00:00
CAMHDA301-20240909T061500,not_scene1,,2026-08-25T23:13:44+00:00
CAMHDA301-20240909T091500,not_scene1,,2026-08-25T23:13:49+00:00
CAMHDA301-20240909T121500,not_scene1,,2026-08-25T23:13:58+00:00
CAMHDA301-20240909T151500,not_scene1,,2026-08-25T23:14:10+00:00
CAMHDA301-20240909T181500,not_scene1,,2026-08-25T23:14:31+00:00
CAMHDA301-20240909T211500,not_scene1,,2026-08-25T23:14:39+00:00
CAMHDA301-20240916T001500,not_scene1,,2026-08-25T23:14:43+00:00
CAMHDA301-20240916T031500,not_scene1,,2026-08-25T23:14:49+00:00
CAMHDA301-20240916T061500,not_scene1,,2026-08-25T23:14:56+00:00
CAMHDA301-20240916T091500,not_scene1,,2026-08-25T23:15:09+00:00
CAMHDA301-20240916T121500,not_scene1,,2026-08-25T23:15:18+00:00
CAMHDA301-20240916T151500,not_scene1,,2026-08-25T23:15:23+00:00
CAMHDA301-20240916T181500,not_scene1,,2026-08-25T23:15:28+00:00
CAMHDA301-20240916T211500,not_scene1,,2026-08-25T23:15:42+00:00
CAMHDA301-20240923T001500,not_scene1,,2026-08-25T23:15:54+00:00
CAMHDA301-20240923T031500,not_scene1,,2026-08-25T23:16:08+00:00
CAMHDA301-20240923T061500,not_scene1,,2026-08-25T23:16:15+00:00
CAMHDA301-20240923T091500,not_scene1,,2026-08-25T23:16:24+00:00
CAMHDA301-20240923T121500,not_scene1,,2026-08-25T23:16:29+00:00
CAMHDA301-20240923T151500,not_scene1,,2026-08-25T23:16:35+00:00
CAMHDA301-20240923T181500,not_scene1,,2026-08-25T23:16:43+00:00
CAMHDA301-20240923T211500,not_scene1,,2026-08-25T23:16:50+00:00
CAMHDA301-20240930T001500,not_scene1,,2026-08-25T23:16:58+00:00
CAMHDA301-20240930T031500,not_scene1,,2026-08-25T23:17:07+00:00
CAMHDA301-20240930T061500,not_scene1,,2026-08-25T23:17:12+00:00
CAMHDA301-20240930T091500,not_scene1,,2026-08-25T23:17:32+00:00
CAMHDA301-20240930T121500,not_scene1,,2026-08-25T23:17:45+00:00
CAMHDA301-20240930T151500,not_scene1,,2026-08-25T23:17:55+00:00
CAMHDA301-20240930T181500,not_scene1,,2026-08-25T23:18:01+00:00
CAMHDA301-20240930T211500,not_scene1,,2026-08-25T23:18:12+00:00
CAMHDA301-20241007T001500,not_scene1,,2026-08-25T23:18:20+00:00
CAMHDA301-20241007T031500,not_scene1,,2026-08-25T23:18:28+00:00
CAMHDA301-20241007T061500,not_scene1,,2026-08-25T23:18:38+00:00
CAMHDA301-20241007T091500,not_scene1,,2026-08-25T23:18:46+00:00
CAMHDA301-20241007T121500,not_scene1,,2026-08-25T23:18:51+00:00
CAMHDA301-20241007T151500,not_scene1,,2026-08-25T23:19:00+00:00
CAMHDA301-20241007T181500,not_scene1,,2026-08-25T23:19:14+00:00
CAMHDA301-20241007T211500,not_scene1,,2026-08-25T23:19:37+00:00
CAMHDA301-20241014T001500,not_scene1,,2026-08-25T23:19:54+00:00
CAMHDA301-20241014T031500,not_scene1,,2026-08-25T23:20:02+00:00
CAMHDA301-20241014T061500,not_scene1,,2026-08-25T23:20:07+00:00
CAMHDA301-20241014T091500,not_scene1,,2026-08-25T23:20:18+00:00
CAMHDA301-20241014T121500,not_scene1,,2026-08-25T23:20:26+00:00
CAMHDA301-20241014T151500,not_scene1,,2026-08-25T23:20:31+00:00
CAMHDA301-20241014T181500,not_scene1,,2026-08-25T23:20:36+00:00
CAMHDA301-20241014T211500,not_scene1,,2026-08-25T23:20:41+00:00
CAMHDA301-20241021T001500,not_scene1,,2026-08-25T23:20:50+00:00
CAMHDA301-20241021T031500,not_scene1,,2026-08-25T23:21:11+00:00
CAMHDA301-20241021T061500,not_scene1,,2026-08-25T23:21:23+00:00
CAMHDA301-20241021T091500,not_scene1,,2026-08-25T23:21:29+00:00
CAMHDA301-20241021T121500,not_scene1,,2026-08-25T23:21:35+00:00
CAMHDA301-20241021T151500,not_scene1,,2026-08-25T23:21:42+00:00
CAMHDA301-20241021T181500,not_scene1,,2026-08-25T23:21:46+00:00
CAMHDA301-20241021T211500,not_scene1,,2026-08-25T23:21:53+00:00
CAMHDA301-20241028T001500,not_scene1,,2026-08-25T23:22:02+00:00
CAMHDA301-20241028T031500,not_scene1,,2026-08-25T23:22:08+00:00
CAMHDA301-20241028T061500,not_scene1,,2026-08-25T23:22:13+00:00
CAMHDA301-20241028T091500,not_scene1,,2026-08-25T23:22:17+00:00
CAMHDA301-20241028T121500,not_scene1,,2026-08-25T23:23:13+00:00
CAMHDA301-20241028T151500,not_scene1,,2026-08-25T23:23:22+00:00
CAMHDA301-20241028T181500,not_scene1,,2026-08-25T23:23:40+00:00
CAMHDA301-20241028T211500,not_scene1,,2026-08-25T23:23:53+00:00
CAMHDA301-20241104T001500,not_scene1,,2026-08-25T23:24:12+00:00
CAMHDA301-20241104T031500,not_scene1,,2026-08-25T23:24:19+00:00
CAMHDA301-20241104T061500,not_scene1,,2026-08-25T23:24:42+00:00
CAMHDA301-20241104T091500,not_scene1,,2026-08-25T23:24:46+00:00
CAMHDA301-20241104T121500,not_scene1,,2026-08-25T23:24:52+00:00
CAMHDA301-20241104T151500,not_scene1,,2026-08-25T23:24:55+00:00
CAMHDA301-20241104T181500,not_scene1,,2026-08-25T23:24:58+00:00
CAMHDA301-20241104T211500,not_scene1,,2026-08-25T23:25:03+00:00
CAMHDA301-20241111T001500,not_scene1,,2026-08-25T23:25:09+00:00
CAMHDA301-20241111T031500,not_scene1,,2026-08-25T23:25:19+00:00
CAMHDA301-20241111T061500,not_scene1,,2026-08-25T23:25:23+00:00
CAMHDA301-20241111T091500,not_scene1,,2026-08-25T23:25:26+00:00
CAMHDA301-20241111T121500,not_scene1,,2026-08-25T23:25:33+00:00
CAMHDA301-20241111T151500,not_scene1,,2026-08-25T23:25:37+00:00
CAMHDA301-20241111T181500,not_scene1,,2026-08-25T23:25:41+00:00
CAMHDA301-20241111T211500,not_scene1,,2026-08-25T23:25:45+00:00
CAMHDA301-20241118T001500,not_scene1,,2026-08-25T23:25:49+00:00
CAMHDA301-20241118T031500,not_scene1,,2026-08-25T23:25:53+00:00
CAMHDA301-20241118T061500,not_scene1,,2026-08-25T23:25:57+00:00
CAMHDA301-20241118T091500,not_scene1,,2026-08-25T23:26:00+00:00
CAMHDA301-20241118T121500,not_scene1,,2026-08-25T23:26:04+00:00
CAMHDA301-20241118T151500,not_scene1,,2026-08-25T23:26:26+00:00
CAMHDA301-20241118T181500,not_scene1,,2026-08-25T23:26:29+00:00
CAMHDA301-20241118T211500,not_scene1,,2026-08-25T23:26:32+00:00
CAMHDA301-20241125T001500,not_scene1,,2026-08-25T23:26:36+00:00
CAMHDA301-20241125T031500,not_scene1,,2026-08-25T23:26:39+00:00
CAMHDA301-20241125T061500,not_scene1,,2026-08-25T23:26:44+00:00
CAMHDA301-20241125T091500,not_scene1,,2026-08-25T23:26:47+00:00
CAMHDA301-20241125T121500,not_scene1,,2026-08-25T23:26:57+00:00
CAMHDA301-20241125T151500,not_scene1,,2026-08-25T23:27:00+00:00
CAMHDA301-20241125T181500,not_scene1,,2026-08-25T23:27:04+00:00
CAMHDA301-20241125T211500,not_scene1,,2026-08-25T23:27:09+00:00
CAMHDA301-20241202T001500,not_scene1,,2026-08-25T23:27:13+00:00
CAMHDA301-20241202T031500,not_scene1,,2026-08-25T23:27:16+00:00
CAMHDA301-20241202T061500,not_scene1,,2026-08-25T23:27:20+00:00
CAMHDA301-20241202T091500,not_scene1,,2026-08-25T23:27:28+00:00
CAMHDA301-20241202T121500,not_scene1,,2026-08-25T23:27:32+00:00
CAMHDA301-20241202T151500,not_scene1,,2026-08-25T23:27:35+00:00
CAMHDA301-20241202T181500,not_scene1,,2026-08-25T23:27:40+00:00
CAMHDA301-20241202T211500,not_scene1,,2026-08-25T23:27:44+00:00
CAMHDA301-20241209T001500,scene1,810,2026-08-25T23:28:09+00:00
CAMHDA301-20241209T031500,not_scene1,,2026-08-25T23:28:24+00:00
CAMHDA301-20241209T061500,not_scene1,,2026-08-25T23:28:31+00:00
CAMHDA301-20241209T091500,not_scene1,,2026-08-25T23:28:37+00:00
CAMHDA301-20241209T121500,not_scene1,,2026-08-25T23:29:02+00:00
CAMHDA301-20241209T151500,not_scene1,,2026-08-25T23:29:07+00:00
CAMHDA301-20241209T181500,not_scene1,,2026-08-25T23:29:10+00:00
CAMHDA301-20241209T211500,not_scene1,,2026-08-25T23:29:15+00:00
CAMHDA301-20241216T001500,not_scene1,,2026-08-25T23:29:22+00:00
CAMHDA301-20241216T031500,not_scene1,,2026-08-25T23:29:26+00:00
CAMHDA301-20241216T061500,scene1,810,2026-08-25T23:29:34+00:00
CAMHDA301-20241216T091500,not_scene1,,2026-08-25T23:29:39+00:00
CAMHDA301-20241216T121500,not_scene1,,2026-08-25T23:29:46+00:00
CAMHDA301-20241216T151500,not_scene1,,2026-08-25T23:29:50+00:00
CAMHDA301-20241216T181500,not_scene1,,2026-08-25T23:30:02+00:00
CAMHDA301-20241216T211500,not_scene1,,2026-08-25T23:30:13+00:00
CAMHDA301-20241223T001500,not_scene1,,2026-08-25T23:30:19+00:00
CAMHDA301-20241223T031500,not_scene1,,2026-08-25T23:30:23+00:00
CAMHDA301-20241223T061500,not_scene1,,2026-08-25T23:30:27+00:00
CAMHDA301-20241223T091500,not_scene1,,2026-08-25T23:30:32+00:00
CAMHDA301-20241223T121500,not_scene1,,2026-08-25T23:30:42+00:00
CAMHDA301-20241223T151500,scene1,810,2026-08-25T23:30:53+00:00
CAMHDA301-20241223T181500,not_scene1,,2026-08-25T23:31:03+00:00
CAMHDA301-20241223T211500,scene1,810,2026-08-25T23:31:13+00:00
CAMHDA301-20241230T001500,not_scene1,,2026-08-25T23:31:20+00:00
CAMHDA301-20241230T031500,not_scene1,,2026-08-25T23:31:35+00:00
CAMHDA301-20241230T061500,not_scene1,,2026-08-25T23:31:40+00:00
CAMHDA301-20241230T091500,not_scene1,,2026-08-25T23:31:49+00:00
CAMHDA301-20241230T121500,not_scene1,,2026-08-25T23:32:15+00:00
CAMHDA301-20241230T151500,not_scene1,,2026-08-25T23:32:21+00:00
CAMHDA301-20241230T181500,not_scene1,,2026-08-25T23:32:41+00:00
CAMHDA301-20241230T211500,not_scene1,,2026-08-25T23:32:46+00:00
